repository_institution,is_best,articles
PubMed Central - Europe PMC,FALSE,12399
Cornell University - arXiv,FALSE,10656
Cornell University - arXiv,TRUE,6442
DANS - Data Archiving and Networked Services - NARCIS - National Academic Research and Collaborations Information System,FALSE,2518
University College London - UCL Discovery,FALSE,1678
Max Planck Society - MPG.PuRe,FALSE,1624
CERN European Organization for Nuclear Research - Zenodo,FALSE,1543
Le Centre pour la Communication Scientifique Directe - HAL - Inria,FALSE,1517
University of Cambridge - Apollo,FALSE,1426
University of Oxford - Oxford University Research Archive (ORA),FALSE,1382
PubMed Central - Europe PMC,TRUE,1367
Le Centre pour la Communication Scientifique Directe - HAL - Université Paris Descartes,FALSE,1312
Cold Spring Harbor Laboratory - bioRxiv,FALSE,1281
Le Centre pour la Communication Scientifique Directe - HAL - Diderot,FALSE,1240
Le Centre pour la Communication Scientifique Directe - HAL - memSIC,FALSE,1180
Spanish National Research Council (CSIC) - DIGITAL.CSIC,FALSE,989
University of Edinburgh - Edinburgh Research Explorer,FALSE,943
ETH Zurich - Repository for Publications and Research Data,FALSE,843
U.S. Department of Energy Office of Scientific and Technical Information - OSTI OAI,FALSE,788
University of Copenhagen - Research at the University of Copenhagen,FALSE,735
University of Oslo - Duo Research Archive,FALSE,734
University of Helsinki - Helda,FALSE,721
Chiba Institute of Technology - Springer Link,FALSE,673
KU Leuven - Lirias,FALSE,670
Leiden University - Leiden Repository,FALSE,619
Red Federada de Repositorios Institucionales de Publicaciones Científicas - LA Referencia,FALSE,585
CERN European Organization for Nuclear Research - Zenodo,TRUE,578
University of Bristol - Bristol Research,FALSE,559
Ghent University - Ghent University Academic Bibliography,FALSE,558
Ecole Polytechnique Fédérale de Lausanne - Infoscience,FALSE,556
University of Groningen / Centre for Information Technology - University of Groningen research database,FALSE,550
The University of Glasgow - Enlighten: Publications,FALSE,542
Wiardi Beckman Foundation - Wiardi Beckman Foundation,FALSE,503
University of Zurich - Zurich Open Repository and Archive,FALSE,497
University of Birmingham - University of Birmingham Research Portal,FALSE,449
California Institute of Technology - CaltechAUTHORS,FALSE,442
DANS - Data Archiving and Networked Services - NARCIS - National Academic Research and Collaborations Information System,TRUE,413
RePEc: Research Papers in Economics - RePEc,FALSE,396
Cardiff University - ORCA Online Research @Cardiff,FALSE,395
Aalto University - Aaltodoc,FALSE,391
University of Southampton - ePrints Soton,FALSE,384
"Technical University of Denmark, DTU - Technical University of Denmark, DTU Orbit",FALSE,364
Le Centre pour la Communication Scientifique Directe - HAL - Archive ouverte HAL,FALSE,359
KU Leuven - Lirias,TRUE,348
Durham University - Durham Research Online,FALSE,345
European Organization for Nuclear Research - CERN Document Server,FALSE,342
Universita Degli Studi Di Milano - Archivio Istituzionale della Ricerca,FALSE,341
Le Centre pour la Communication Scientifique Directe - HAL - INSU,FALSE,337
arXiv.org,FALSE,331
University of Warwick - Warwick Research Archive Portal,FALSE,324
The University of Manchester - Research Explorer,FALSE,317
St Andrews Research Repository - St Andrews Research Repository,FALSE,315
University of Nottingham - Repository@Nottingham,FALSE,308
Universitat Pompeu Fabra - Repositori digital de la UPF,FALSE,305
Le Centre pour la Communication Scientifique Directe - HAL - Inria,TRUE,299
University of Castilla La Mancha - Virtual Community of Pathological Anatomy,FALSE,296
Uppsala University - Uppsala University Publications,FALSE,292
King's College London - Research Portal,FALSE,291
University College London - UCL Discovery,TRUE,287
Le Centre pour la Communication Scientifique Directe - HAL - CEA - Commissariat à l’énergie atomique,FALSE,276
Alma Mater Studiorum Università di Bologna - Archivio istituzionale della ricerca - Alma Mater Studiorum Università di Bologna,FALSE,275
"University of Leeds, The University of Sheffield, University of York - White Rose Research Online",FALSE,274
Massachusetts Institute of Technology - DSpace@MIT,FALSE,264
KTH Royal Institute of Technology - KTH Publication Database DiVA,FALSE,261
Ghent University - Ghent University Academic Bibliography,TRUE,253
Le Centre pour la Communication Scientifique Directe - HAL - Université Paris Descartes,TRUE,244
University of Turin - Institutional Research Information System University of Turin,FALSE,242
OSF Preprints - PsyArXiv,FALSE,238
Econstor - Econstor,FALSE,234
Liverpool John Moores University,FALSE,233
University of California - eScholarship University of California,FALSE,232
Le Centre pour la Communication Scientifique Directe - HAL - Diderot,TRUE,230
Le Centre pour la Communication Scientifique Directe - HAL - SHS,FALSE,221
Red Federada de Repositorios Institucionales de Publicaciones Científicas - LA Referencia,TRUE,218
Ecole Polytechnique Fédérale de Lausanne - Infoscience,TRUE,218
University of Oxford - Oxford University Research Archive (ORA),TRUE,215
Le Centre pour la Communication Scientifique Directe - HAL - Inserm,FALSE,212
Queen Mary University of London - Queen Mary Research Online,FALSE,208
California Digital Library - eScholarship,FALSE,206
Le Centre pour la Communication Scientifique Directe - HAL - Grenoble Ecole de Management,FALSE,205
Max Planck Society - MPG.PuRe,TRUE,203
University of Sussex - Sussex Research Online,FALSE,202
University of Cambridge - Apollo,TRUE,202
Universitat Autònoma de Barcelona - Dipòsit Digital de Documents de la UAB,FALSE,201
Paul Scherrer Institute - DORA PSI,FALSE,200
Le Centre pour la Communication Scientifique Directe - HAL - memSIC,TRUE,198
Chalmers University of Technology - Chalmers Research,FALSE,198
Le Centre pour la Communication Scientifique Directe - HAL - Ecole polytechnique,FALSE,197
Elsevier - Scopus,FALSE,197
Le Centre pour la Communication Scientifique Directe - HAL - ParisTech,FALSE,195
University of Jyväskylä - Jyväskylä University Digital Archive,FALSE,195
Delft University of Technology - Research Repository,FALSE,193
University of Edinburgh - Edinburgh Research Explorer,TRUE,181
Karlsruhe Institute of Technology - Repository KITopen,FALSE,178
Library of the Hungarian Academy of Sciences - Repository of the Academy's Library,FALSE,176
University of Antwerp - Institutional Repository University of Antwerp,FALSE,175
Université de Lausanne - SERVAL,FALSE,168
Universitat de Barcelona - Dipòsit Digital de la Universitat de Barcelona,FALSE,166
University of Geneva - Archive ouverte UNIGE,FALSE,166
Le Centre pour la Communication Scientifique Directe - HAL - Aix-Marseille Université,FALSE,166
ETH Zurich - Repository for Publications and Research Data,TRUE,165
University of Portsmouth - Portsmouth Research Portal,FALSE,163
Universitätsbibliothek der Freien Universität Berlin - Refubium,FALSE,162
"RCAAP Project by FCT - Portuguese National Funding Agency for Science, Research and Technology - RCAAP Search Portal",FALSE,162
Ludwid Maxmilian's Universitat Munchen - Open access LMU,FALSE,158
Newcastle Univesity - Newcastle University ePrints,FALSE,156
University of Warwick - Warwick Research Archive Portal,TRUE,155
University of Exeter - Open Research Exeter,FALSE,155
Le Centre pour la Communication Scientifique Directe - HAL - IRD - Institut de recherche pour le développement,FALSE,153
"4 institutions : Université de Strasbourg, Université de Haute Alsace, INSA Strasbourg, Bibliothèque Nationale et Universitaire de Strasbourg - univOAK",FALSE,151
Spanish National Research Council (CSIC) - DIGITAL.CSIC,TRUE,146
Università degli Studi di Milano - Institutional Research Information System,FALSE,145
University of Southampton - ePrints Soton,TRUE,143
University of Helsinki - Helda,TRUE,141
Imperial College London - Spiral,FALSE,138
California Institute of Technology - CaltechAUTHORS,TRUE,135
Aalto University - Aaltodoc,TRUE,133
University of East Anglia - UEA Digital Repository,FALSE,131
Max-Delbrueck-Center for Molecular Medicine - MDC Repository,FALSE,127
University of Dundee - Discovery Research Portal,FALSE,127
"Technical University of Denmark, DTU - Technical University of Denmark, DTU Orbit",TRUE,123
University of Luxembourg - Open Repository and Bibliography,FALSE,123
University of Leicester - Leicester Research Archive,FALSE,122
University of Reading - CentAUR,FALSE,121
The Deutsches Elektronen-Synchrotron - Desy publication database,FALSE,120
University Library Bern - BORIS - Bern Open Repository and Information System,FALSE,120
University of Strathclyde - Strathprints: The University of Strathclyde institutional repository,FALSE,119
University of Birmingham - University of Birmingham Research Portal,TRUE,117
Utrecht University - Utrecht University Repository,FALSE,116
University of Southern Denmark - University of Southern Denmark Research Portal,FALSE,115
University of Oslo - Duo Research Archive,TRUE,113
Université de Lille (University Of Lille) - LillOA,FALSE,112
arXiv.org,TRUE,112
University of Bern - Bern Open Repository and Information System,FALSE,111
RePEc: Research Papers in Economics - RePEc,TRUE,110
Harvard University - Digital Access to Scholarship at Harvard (DASH),FALSE,109
"CERN, DESY, Fermilab, IHEP, and SLAC - DESY",FALSE,109
Le Centre pour la Communication Scientifique Directe - HAL - Institut Pasteur,FALSE,109
University of Oulu - University of Oulu Repository - Jultika,FALSE,107
Trinity College Dublin - Trinity's Access to Research Output (TARA),FALSE,106
Massachusetts Institute of Technology - DSpace@MIT,TRUE,106
Technical University Munich - mediaTUM – the media and publications repository of the Technical University Munich,FALSE,106
University of Zurich - Zurich Open Repository and Archive,TRUE,105
Technische Universität München - mediaTUM Gesamtbestand,FALSE,103
University of Groningen / Centre for Information Technology - University of Groningen research database,TRUE,103
University of Florence - Florence Research,FALSE,103
Queen's University Belfast - Research Portal,FALSE,100
Le Centre pour la Communication Scientifique Directe - HAL - Archive ouverte HAL,TRUE,99
University of Luxembourg - Open Repository and Bibliography,TRUE,99
Deutsches Elektronen-Synchrotron - DESY Publication Database (PUBDB),FALSE,99
Alma Mater Studiorum Università di Bologna - Archivio istituzionale della ricerca - Alma Mater Studiorum Università di Bologna,TRUE,97
Università degli Studi di Trento - Institutional Research Information System,FALSE,96
Le Centre pour la Communication Scientifique Directe - HAL - Université Toulouse - Jean Jaurès,FALSE,96
The University of Arizona - UA Campus Repository,FALSE,95
Lancaster University - Lancaster EPrints,FALSE,94
University of Copenhagen - Research at the University of Copenhagen,TRUE,94
Radboud University - Radboud Repository,FALSE,94
Australian National University - ANU Open Research,FALSE,92
The University of Glasgow - Enlighten: Publications,TRUE,92
University of Bristol - Bristol Research,TRUE,92
University of Liège - Open Repository and Bibliography,FALSE,92
"University of Leeds, The University of Sheffield, University of York - White Rose Research Online",TRUE,89
Durham University - Durham Research Online,TRUE,88
Wiardi Beckman Foundation - Wiardi Beckman Foundation,TRUE,88
Le Centre pour la Communication Scientifique Directe - HAL - ENPC,FALSE,88
University of Sussex - Sussex Research Online,TRUE,87
St Andrews Research Repository - St Andrews Research Repository,TRUE,87
University of Castilla La Mancha - Virtual Community of Pathological Anatomy,TRUE,86
Cardiff University - ORCA Online Research @Cardiff,TRUE,84
GEOMAR - Helmholtz Centre for Ocean Research Kiel - OceanRep,FALSE,83
Universität Wien - Phaidra,FALSE,83
University of Basel - edoc,FALSE,81
Northumbria University - Northumbria Research Link,FALSE,80
University of Stirling - Stirling Online Research Repository,FALSE,80
Universitat Pompeu Fabra - Repositori digital de la UPF,TRUE,79
University of Nottingham - Repository@Nottingham,TRUE,79
The University of Arizona - UA Campus Repository,TRUE,78
University of Ferrara - Institutional Research Information System University of Ferrara,FALSE,77
London School of Hygiene and Tropical Medicine - LSHTM Research Online,FALSE,76
Keele University - Keele Research Repository,FALSE,76
University of Granada - Institutional Repository of the University of Granada,FALSE,76
Cold Spring Harbor Laboratory - medRxiv,FALSE,76
The University of Manchester - Research Explorer,TRUE,76
Library of the Hungarian Academy of Sciences - Repository of the Academy's Library,TRUE,74
Koç University - Digital Collections portal,FALSE,74
Liverpool John Moores University,TRUE,73
Le Centre pour la Communication Scientifique Directe - HAL - Institut | Nicod,FALSE,73
Lund University - Lund University Publications,FALSE,73
INFN Catania - INFM-OAR,FALSE,72
University of Melbourne - Minerva Access,FALSE,71
University of Padua - Padua Research Archive,FALSE,70
GFZ German Research Centre for Geosciences - Publication Database GFZ,FALSE,70
Le Centre pour la Communication Scientifique Directe - HAL - ENS-LYON,FALSE,70
Consorci de Serveis Universitaris de Catalunya - RECERCAT,FALSE,69
Polytechnic University of Catalonia - UPCommons,FALSE,68
OSF Preprints - PsyArXiv,TRUE,68
Swansea University - Cronfa,FALSE,66
Umeå University - DiVA at Umeå University,FALSE,66
Linkoping University - DiVA,FALSE,66
University of Hertfordshire - University of Hertfordshire Research Archive,FALSE,66
Universitat Autònoma de Barcelona - Dipòsit Digital de Documents de la UAB,TRUE,65
Le Centre pour la Communication Scientifique Directe - HAL - Paris Observatory,FALSE,65
Le Centre pour la Communication Scientifique Directe - HAL - Université Savoie Mont Blanc,FALSE,65
Delft University of Technology - Research Repository,TRUE,65
Würzburg University - Online Publication Service of Würzburg University,FALSE,65
Universidad Autónoma de Madrid - Biblos-e Archivo,FALSE,64
eprints.ucl.ac.uk.OAI2,FALSE,64
University of Adelaide - Adelaide Research & Scholarship (AR&S),FALSE,64
Georg-August-Universität Göttingen - GoeScholar  The Publication Server of the Georg-August-Universität Göttingen,FALSE,64
Royal Academy of Art and Sciences (KNAW) - KNAW research portal,FALSE,63
Academy of Humanities and Economics in Lodz - Homo Politicus,FALSE,62
Le Centre pour la Communication Scientifique Directe - HAL - CHU de Clermont-Ferrand,FALSE,62
Universitat de Barcelona - Dipòsit Digital de la Universitat de Barcelona,TRUE,62
Tor Vergata University - Cineca Institutional Research Information System,FALSE,61
Forschungszentrum Jülich - JuSER,FALSE,61
King Abdullah University of Science and Technology - King Abdullah University of Science and Technology Repository,FALSE,61
Elsevier - VU Research Portal,FALSE,60
Universidade do Minho - RepositóriUM,FALSE,60
University of Konstanz - KOPS - The Institutional Repository of the University of Konstanz,FALSE,60
"Erasmus University, Rotterdam - RePub",FALSE,60
Universidad Complutense Madrid - Library Open Repository,FALSE,59
University of Hasselt - Document Server@UHasselt,FALSE,59
Technische Universität Berlin - Deposit Once,FALSE,57
Alfred-Wegener-Institut - Helmholtz-Zentrum für Polar-und Meeresforschung,FALSE,57
University of Jyväskylä - Jyväskylä University Digital Archive,TRUE,55
Swiss Federal Laboratories for Materials Science and Technology (Empa) - DORA Empa,FALSE,55
The Pennsylvania State University - CiteSeer X,FALSE,55
University of Zaragoza Repository - Zaguan,FALSE,55
Le Centre pour la Communication Scientifique Directe - HAL - IN2P3,FALSE,55
Le Centre pour la Communication Scientifique Directe - HAL - CEA - Commissariat à l’énergie atomique,TRUE,54
University of Liège - ORBi - Open Repository and Bibliography of the University of Liège,FALSE,54
University of Valencia - Repository of Digital Objects for Teaching Research and Culture,FALSE,53
University of Bergen - Bergen Open Research Archive (BORA),FALSE,53
Polytechnic University of Catalonia - UPCommons,TRUE,53
KTH Royal Institute of Technology - KTH Publication Database DiVA,TRUE,53
Leiden University - Leiden Repository,TRUE,53
Helmholtz-Zentrum Berlin für Materialien und Energie GmbH (HZB) - HZB Repository,FALSE,53
OSF Preprints - OSF Preprints,FALSE,52
California Digital Library - EarthArXiv,FALSE,52
Cornell University - Project Euclid,FALSE,51
Trinity College Dublin - Trinity's Access to Research Output (TARA),TRUE,51
"Ministerio de Educación, Cultura y Deporte - Consultation of the Doctoral Thesis Database (TESEO)",FALSE,51
Jagiellonian University - Jagiellonian University Repository,FALSE,50
Elsevier - Scopus,TRUE,50
reroDoc Digital Library,FALSE,50
"RCAAP Project by FCT - Portuguese National Funding Agency for Science, Research and Technology - RCAAP Search Portal",TRUE,50
University of Essex - Open Access at Essex,FALSE,50
London School of Economics and Political Science - London School of Economics and Political Science Research Online,FALSE,49
RWTH Aachen - RWTH Publications,FALSE,49
University of Basel - edoc,TRUE,49
University of Tsukuba - Terrestrial Environment Research Center,FALSE,49
Le Centre pour la Communication Scientifique Directe - HAL - UJM - Université Jean Monnet,FALSE,49
University of Pittsburgh - PhilSci-Archive,FALSE,48
Wageningen University & Research - Wageningen University and Researchcenter Publications,FALSE,48
International Institute of Applied Systems Analysis - IIASA PURE,FALSE,47
North American Electric Reliability Corporation - North American Electric Reliability Corporation Open Archive,FALSE,47
Universidad de Zaragoza - Zaguan,FALSE,47
University of Padova - Padua Research Archive,FALSE,47
University of Hull - Repository@Hull (Worktribe),FALSE,47
Helmholtz-Zentrum für Infektionsforschung GmbH - HZI Open Repository,FALSE,46
St George's University of London - St George's Online Research Archive,FALSE,46
Research Square - Research Square,FALSE,46
Le Centre pour la Communication Scientifique Directe - HAL - SHS,TRUE,45
University of Surrey - Surrey Open Research repository,FALSE,44
CiteSeerX.psu,FALSE,44
Le Centre pour la Communication Scientifique Directe - HAL - Audencia Business School,FALSE,44
Queen's University Belfast - Research Portal,TRUE,44
"Birkbeck, University of London - BIROn - Birkbeck Institutional Research Online",FALSE,44
Universidad del Pais Vasco - Communities in ADDI,FALSE,43
Eötvös Loránd University - ELTE Digital Institutional Repository (EDIT),FALSE,43
Aberdeen University - Aberdeen University Research Archive,FALSE,43
Nanyang Technological University - DR-NTU,FALSE,43
OSF Preprints - EngrXiv,FALSE,43
Leibniz Universität Hannover - Institutional Repository of Leibniz Universität Hannover,FALSE,43
Karlsruhe Institute of Technology - Repository KITopen,TRUE,42
Università Ca' Foscari Venezia - ARCA,FALSE,42
European Geosciences Union - Biogeosciences,FALSE,42
Le Centre pour la Communication Scientifique Directe - HAL - Université Paris 1 Panthéon-Sorbonne,FALSE,42
MDPI AG - MDPI,FALSE,42
Natural Environment Research Council - NERC Open Research Archive,FALSE,41
University of Oxford - Oxford Academic Notes & Queries,FALSE,41
University of Szeged - SZTE Publicatio Repozitórium - SZTE - Repository of Publications,FALSE,41
Opin vísindi - Opin vísindi,FALSE,41
University Paris-Dauphine - Base Institutionnelle de Recherche de l'université Paris-Dauphine (BIRD),FALSE,41
University of Exeter - Open Research Exeter,TRUE,41
Le Centre pour la Communication Scientifique Directe - HAL - Université de Nantes,FALSE,40
Le Centre pour la Communication Scientifique Directe - HAL - Université Jean Moulin Lyon 3,FALSE,40
Le Centre pour la Communication Scientifique Directe - HAL - Université Francois Rabelais - Tours,FALSE,40
OAPEN Foundation - Directory of Open access Books,FALSE,40
Vrije Universiteit Brussel - VUBIR,FALSE,39
PhilPapers Foundation - PhilPapers,FALSE,38
University of Valencia - Repository of Digital Objects for Teaching Research and Culture,TRUE,38
Würzburg University - Online Publication Service of Würzburg University,TRUE,37
University of Central Lancashire - CLOK - Central Lancashire Online Knowledge,FALSE,37
Curtin University - eSpace,FALSE,37
Le Centre pour la Communication Scientifique Directe - HAL - ParisTech,TRUE,36
Maastricht University - Research Publications,FALSE,36
Ifremer - Archimer,FALSE,36
Bangor University - Bangor University Research Portal,FALSE,36
London School of Economics and Political Science - London School of Economics and Political Science Research Online,TRUE,36
Le Centre pour la Communication Scientifique Directe - HAL - Inrap,FALSE,36
Tampere University - Tampere University Institutional Repository,FALSE,36
University of Antwerp - Institutional Repository University of Antwerp,TRUE,36
Elsevier - VU Research Portal,TRUE,35
Universita Degli Studi Di Milano - Archivio Istituzionale della Ricerca,TRUE,34
Schloss Dagstuhl - Leibniz-Zentrum für Informatik - Dagstuhl Research Online Publication Server (DROPS),TRUE,34
University of Trieste https://www.units.it/ - ArTS Archivio della ricerca di Trieste,FALSE,34
Technische Universität Berlin - Deposit Once,TRUE,34
German Federal Government - GSI Repository,FALSE,34
Le Centre pour la Communication Scientifique Directe - HAL - MINES ParisTech,FALSE,34
Ruđer Bošković Institute - Institutional Repository  of the Ruđer Bošković Institute,FALSE,34
Le Centre pour la Communication Scientifique Directe - HAL - Université de Bretagne Occidentale,FALSE,34
King's College London - Research Portal,TRUE,34
U.S. Department of Energy Office of Scientific and Technical Information - OSTI OAI,TRUE,34
Le Centre pour la Communication Scientifique Directe - HAL - INERIS,FALSE,34
Universität Bern - RERO DOC,FALSE,33
Le Centre pour la Communication Scientifique Directe - HAL - Université de Lille,FALSE,33
Universidad Complutense Madrid - Library Open Repository,TRUE,33
GSI Helmholtzzentrum für Schwerionenforschung - GSI Repository,FALSE,33
Tilburg University - Research portal,FALSE,32
Le Centre pour la Communication Scientifique Directe - HAL - CentraleSupélec,FALSE,31
Uni Regensburg - Publikationsserver der Universität Regensburg,FALSE,31
Paul Scherrer Institute - DORA PSI,TRUE,31
Augsburg University - OPUS - Augsburg University Publication Server,FALSE,31
University of Plymouth - PEARL,FALSE,31
spiral.imperial.ac.uk,FALSE,31
AMOLF - AMOLF Institutional Repository,FALSE,30
"Swiss Federal Institute for Forest, Snow and Landscape Research - DORA WSL",FALSE,30
Chalmers University of Technology - Chalmers Research,TRUE,30
Goethe University Frankfurt - Publication Server of Goethe University Frankfurt am Main,FALSE,30
Lancaster University - Lancaster EPrints,TRUE,29
Le Centre pour la Communication Scientifique Directe - HAL - Ecole polytechnique,TRUE,29
Le Centre pour la Communication Scientifique Directe - HAL - Mines Nantes,FALSE,29
OSF Preprints - SocArXiv,FALSE,29
Lund University - Lund University Publications,TRUE,29
ZB MED - Informationszentrum Lebenswissenschaften - PUBLISSO-Fachrepositorium Lebenswissenschaften,FALSE,28
Le Centre pour la Communication Scientifique Directe - HAL - Grenoble Ecole de Management,TRUE,28
Le Centre pour la Communication Scientifique Directe - HAL - INSU,TRUE,28
University of Turin - Institutional Research Information System University of Turin,TRUE,28
The Open University - Open Research Online,FALSE,28
Repositório Científico de Acesso Aberto de Portugal - Repositório Comum,FALSE,28
GESIS – Leibniz Institute for the Social Sciences - Social Science Open Access Repository,FALSE,28
University of the Basque Country - Communities in ADDI,FALSE,28
Le Centre pour la Communication Scientifique Directe - HAL - uB,FALSE,28
Aalborg Universitet - VBN Forskningsportal,TRUE,28
Politecnico di Torino - PORTO Publications Open Repository TOrino,FALSE,28
"Universidad de Alicante - RUA, Repositorio Institucional de la Universidad de Alicante",FALSE,28
University of Illinois at Chicago - INDIGO,FALSE,28
University College Dublin - Research Repository at University College Dublin,FALSE,27
Le Centre pour la Communication Scientifique Directe - HAL - @rchiveSIC,FALSE,27
OSF Preprints - EarthArXiv,FALSE,27
Universität zu Köln - Kölner Universitäts PublikationsServer,TRUE,27
Keele University - Keele Research Repository,TRUE,27
Stockholm University - DiVA,FALSE,27
ARCNL - ARCNL Institutional Repository,FALSE,27
Universitätsbibliothek der Freien Universität Berlin - Refubium,TRUE,27
Cirad - Agritrop,FALSE,27
Queen Mary University of London - Queen Mary Research Online,TRUE,26
University of Southern Denmark - University of Southern Denmark Research Portal,TRUE,26
Aalborg Universitet - VBN Forskningsportal,FALSE,26
The University of Queensland - Queensland's institutional digital repository,FALSE,26
Aberystwyth University - Aberystwyth Research portal,FALSE,26
"The Marine Biological Association (MBA), Plymouth Marine Laboratory (PML) and the Sir Alister Hardy Foundation for Ocean Science (SAHFOS). - Plymouth Marine Science Electronic Archive",FALSE,25
Kyoto University - Kyoto University Research Information Repository,FALSE,25
Le Centre pour la Communication Scientifique Directe - HAL - Aix-Marseille Université,TRUE,25
Le Centre pour la Communication Scientifique Directe - HAL - UFC - Université de Franche-Comté,FALSE,25
OSF Preprints - EngrXiv,TRUE,25
Le Centre pour la Communication Scientifique Directe - HAL - IRD - Institut de recherche pour le développement,TRUE,25
University of Technology Sydney - Open Publications Of UTS Scholars,FALSE,25
University of Pittsburgh - PhilSci-Archive,TRUE,25
reroDoc Digital Library,TRUE,25
BIBSYS (Norway) - BIBSYS Brage,FALSE,25
Carlos III University of Madrid - e-Archivo,TRUE,24
University of Reading - CentAUR,TRUE,24
University of Portsmouth - Portsmouth Research Portal,TRUE,24
UWA - UWA Profiles and Research Repository,FALSE,24
Politechnical University of Valencia - RiuNet,TRUE,24
Staatsbibliothek zu Berlin - intR2Dok,TRUE,24
University of Regensburg - University of Regensburg Publication Server,FALSE,24
escidoc.org,FALSE,24
University of the Western Cape - UWC Research Repository,FALSE,24
Imperial College London - Spiral,TRUE,23
Royal Veterinary College - RVC Research Online,FALSE,23
Bielefeld University - PUB – Publications at Bielefeld University,FALSE,23
Ludwid Maxmilian's Universitat Munchen - Open access LMU,TRUE,23
Maastricht University - Research Publications,TRUE,23
University of North Carolina at Chapel Hill - Carolina Digital Repository,FALSE,23
Belarusian State University - BSU Digital Library,FALSE,23
Conicet,FALSE,23
Universitat Politècnica de València - Repositorio Institucional de la Universitat Politècnica,TRUE,22
Brunel University London - Brunel University Research Archive (BURA),FALSE,22
Open Research Library - BiblioBoard Library Catalog,FALSE,22
City University London - City Research Online,FALSE,22
Universidad de Zaragoza - Zaguan,TRUE,22
Queensland University of Technology - QUT ePrints,FALSE,22
Universidad Carlos III de Madrid - e-Archivo,TRUE,22
University of Toulouse - Open Archive Toulouse Archive Ouverte,FALSE,22
CONICET - CONICET Digital,FALSE,22
Le Centre pour la Communication Scientifique Directe - HAL - hprints.org,FALSE,22
Università Ca' Foscari Venezia - ARCA,TRUE,22
Universidad de Alicante - Repositorio Institucional de la Universidad de Alicante,FALSE,21
University of Oulu - University of Oulu Repository - Jultika,TRUE,21
Woods Hole Scientific Community - Open Access Server of the Woods Hole Scientific Community,FALSE,21
Le Centre pour la Communication Scientifique Directe - HAL - Artxiker,FALSE,21
The OAPEN Foundation - OAPEN,FALSE,21
HAL,FALSE,21
Swiss Federal Institute of Aquatic Science and Technology (Eawag) - DORA Eawag,FALSE,21
University of Toulouse - Open Archive Toulouse Archive Ouverte,TRUE,21
Australian National University - ANU Open Research,TRUE,21
University of Essex - Open Access at Essex,TRUE,21
University of Stuttgart - OPUS Publication Server of the University of Stuttgart,FALSE,21
Universität zu Köln - Kölner Universitäts PublikationsServer,FALSE,21
University of Hertfordshire - University of Hertfordshire Research Archive,TRUE,20
Le Centre pour la Communication Scientifique Directe - HAL - Inserm,TRUE,20
University of Florence - Florence Research,TRUE,20
Utrecht University - Utrecht University Repository,TRUE,20
OSF Preprints - SocArXiv,TRUE,20
Deutsches Elektronen-Synchrotron - DESY Publication Database (PUBDB),TRUE,20
Le Centre pour la Communication Scientifique Directe - HAL - Cirad,FALSE,20
Nanyang Technological University - DR-NTU,TRUE,20
University College Dublin - Research Repository UCD,TRUE,20
University of Western Australia - UWA Profiles and Research Repository,FALSE,20
University of Colorado Boulder - CU Scholar,FALSE,20
Columbia University - Columbia Academic Commons,FALSE,20
"Dr Steevens Hospital Library - Lenus, The Irish Health Repository",FALSE,20
University of Nottingham - Nottingham ePrints,FALSE,20
University Toulouse 1 Capitole - Toulouse Capitole Publications,FALSE,20
Sciences Po - SPIRE,FALSE,19
The Deutsches Elektronen-Synchrotron - Desy publication database,TRUE,19
cds.cern.ch,FALSE,19
Louisiana State University - LSU Digital Commons,FALSE,19
Schloss Dagstuhl - Leibniz-Zentrum für Informatik - Dagstuhl Research Online Publication Server (DROPS),FALSE,19
Centrum Wiskunde & Informatica - CWI's Institutional Repository,FALSE,19
Bilkent University - Bilkent University Institutional Repository,FALSE,19
Ural Federal University - Electronic scientific archive of UrFU,FALSE,19
Consorci de Serveis Universitaris de Catalunya - RECERCAT,TRUE,19
Forschungszentrum Jülich - JuSER,TRUE,19
University of Geneva - Archive ouverte UNIGE,TRUE,19
International Institute of Applied Systems Analysis - IIASA PURE,TRUE,18
University of Nottingham - Nottingham ePrints,TRUE,18
OSF Preprints - OSF Preprints,TRUE,18
Uppsala University - Uppsala University Publications,TRUE,18
Brno University of Technology - Brno University of Technology Digital Library,FALSE,18
Indiana University - IUScholarWorks,FALSE,18
Le Centre pour la Communication Scientifique Directe - HAL - Sorbonne Paris Nord,FALSE,18
King Abdullah University of Science and Technology - King Abdullah University of Science and Technology Repository,TRUE,18
Modern Language Association / Columbia University - Humanities Commons CORE,FALSE,18
Dublin Institute of Technology - Arrow@dit,FALSE,18
University Library Bern - BORIS - Bern Open Repository and Information System,TRUE,18
"Kooperativer Bibliotheksverbund Berlin-Brandenburg (KOBV), on behalf of the Universitätsbibliothek Erlangen-Nürnberg - OPUS FAU - Online-Publikationssystem der Friedrich-Alexander-Universität Erlangen-Nürnberg",FALSE,18
The Pennsylvania State University - CiteSeer X,TRUE,18
Graz University of Technology - TUGraz OPEN Library,FALSE,18
Universität Graz - Unipub UB Graz,FALSE,18
Kooperativer Bibliotheksverbund Berlin-Brandenburg - OPUS Repository,FALSE,18
University College Dublin - Research Repository UCD,FALSE,18
Université de Lausanne - SERVAL,TRUE,17
INRA Bordeaux-Aquitaine - Prodinra,FALSE,17
Swiss Federal Laboratories for Materials Science and Technology (Empa) - DORA Empa,TRUE,17
London Business School - London Business School Research Online,FALSE,17
University of Konstanz - KOPS - The Institutional Repository of the University of Konstanz,TRUE,17
Université Toulouse I Capitole - Toulouse 1 Capitole Publications,FALSE,17
Le Centre pour la Communication Scientifique Directe - HAL - TEL - Thèses en ligne,FALSE,17
University of Bern - Bern Open Repository and Information System,TRUE,17
University of East Anglia - UEA Digital Repository,TRUE,17
"CERN, DESY, Fermilab, IHEP, and SLAC - DESY",TRUE,17
University of Michigan - Deep Blue,FALSE,17
University of Tasmania - Open Access Repository,FALSE,17
University of Hull - Repository@Hull (Worktribe),TRUE,17
Universitat de Girona - Universitat de Girona Digital Repository,FALSE,16
University of Udine - Institutional Research Information System,FALSE,16
Universidade do Minho - RepositóriUM,TRUE,16
Technische Universität München - mediaTUM Gesamtbestand,TRUE,16
Politechnical University of Valencia - RiuNet,FALSE,16
Universidad Autónoma de Madrid - Biblos-e Archivo,TRUE,16
Politecnico di Torino - PORTO Publications Open Repository TOrino,TRUE,16
Vrije Universiteit Brussel - VUBIR,TRUE,15
Aston University - Aston Publications Explorer,FALSE,15
Maynooth University - Maynooth University ePrints and eTheses Archive,FALSE,15
Bilkent University - Bilkent University Institutional Repository,TRUE,15
Ludwig Maximilian University of Munich - Munich Personal RePEc Archive,FALSE,15
Università degli Studi di Milano - Institutional Research Information System,TRUE,15
Ulm University - OPen Access Repositorium der Universität Ulm (OPARU),FALSE,15
University of Westminster - WestminsterResearch,FALSE,15
Oxford Brookes University - Radar,FALSE,15
"4 institutions : Université de Strasbourg, Université de Haute Alsace, INSA Strasbourg, Bibliothèque Nationale et Universitaire de Strasbourg - univOAK",TRUE,15
"Birkbeck, University of London - BIROn - Birkbeck Institutional Research Online",TRUE,15
Ural Federal University - Electronic scientific archive of UrFU,TRUE,15
University of Strathclyde - Strathprints: The University of Strathclyde institutional repository,TRUE,15
University of Stirling - Stirling Online Research Repository,TRUE,15
Università degli Studi di Trento - Institutional Research Information System,TRUE,15
CiteSeerX.psu,TRUE,15
TU Wien - reposiTUm,FALSE,15
The Arctic University of Norway - Munin Open Research Archive,FALSE,15
University of Victoria - UVic’s Research and Learning Repository,FALSE,15
University of Cantabria - UCrea,FALSE,15
Sveriges lantbruksuniversitet biblioteket (Swedish University of Agricultural Sciences) - Epsilon Open Archive,FALSE,15
Stockholm University - DiVA,TRUE,15
The Royal Netherlands Academy of Arts and Sciences - KNAW Research Portal,FALSE,15
Cold Spring Harbor Laboratory - bioRxiv,TRUE,15
Le Centre pour la Communication Scientifique Directe - HAL - TeLearn,FALSE,15
Staatsbibliothek zu Berlin - intR2Dok,FALSE,15
"Nova Science Publishers, Inc. - Nova Science Publishers",FALSE,15
University of Leicester - Leicester Research Archive,TRUE,14
Loughborough University - Loughborough University Institutional Repository,FALSE,14
Indiana University - IUScholarWorks Open,FALSE,14
University of South Australia - UniSA Research Outputs Repository,FALSE,14
Basque Center for Applied Mathematics - BIRD,TRUE,14
Universitat Politècnica de València - Repositorio Institucional de la Universitat Politècnica,FALSE,14
Univerzity Pardubice - Digitální knihovna Univerzity Pardubice,FALSE,14
Cranfield University - CERES,FALSE,14
Technischen Universität Darmstadt,FALSE,14
University of Santiago de Compostela - Repositorio institucional da Universidade de Santiago de Compostela,FALSE,14
Le Centre pour la Communication Scientifique Directe - HAL - Université d'Artois,FALSE,14
Hungarian Academy of Sciences - SZTAKI Publication Repository,FALSE,14
Gothenburg University - Gothenburg University Publications Electronic Archive,FALSE,14
Carlos III University of Madrid - e-Archivo,FALSE,14
Le Centre pour la Communication Scientifique Directe - HAL - ENPC,TRUE,14
Universidad de Coimbra - Estudo Geral,FALSE,14
Le Centre pour la Communication Scientifique Directe - HAL - Institut | Nicod,TRUE,14
Universitat Politècnica de València - RiuNet,TRUE,14
Econstor - Econstor,TRUE,14
University of Hasselt - Document Server@UHasselt,TRUE,13
University of Potsdam - publish.UP,FALSE,13
University of Porto - Open Repository of the University of Porto,FALSE,13
Loughborough University - Loughborough University Research Repository,FALSE,13
University College Dublin - Research Repository at University College Dublin,TRUE,13
Liverpool School of Tropical Medicine - LSTM Online Archive,FALSE,13
Technical University Munich - mediaTUM – the media and publications repository of the Technical University Munich,TRUE,13
Middle East Technical University - OpenMETU,FALSE,13
University of Dundee - Discovery Research Portal,TRUE,13
Sciences Po - SPIRE,TRUE,13
Johannes Kepler Universitat Linz - University Library Linz repository,FALSE,13
University of Kentucky - UKnowledge,FALSE,13
Tilburg University - Research portal,TRUE,13
University of Bologna - AMS Acta,FALSE,13
Ulsan National Institute of Science and Technology - Scholarworks@UNIST,FALSE,13
SOAS University of London - SOAS Research Online,FALSE,13
Sheffield Hallam University - SHURA (Sheffield Hallam University Research Archive),FALSE,13
University of Surrey - Surrey Open Research repository,TRUE,13
University of Lisbon - Repositório da Universidade de Lisboa,FALSE,13
Università degli Studi di Brescia - Institutional Research Information System,FALSE,13
Virginia Tech - Virginia Tech Works,FALSE,13
Le Centre pour la Communication Scientifique Directe - HAL - Institut Pasteur,TRUE,12
Swansea University - Cronfa,TRUE,12
American Medical Association - The Journal of the American Medical Association (JAMA) Network,FALSE,12
Le Centre pour la Communication Scientifique Directe - HAL - Hospices Civils de Lyon,FALSE,12
Le Centre pour la Communication Scientifique Directe - HAL - ENS-LYON,TRUE,12
Loughborough University - Loughborough University Research Repository,TRUE,12
University of Liège - ORBi - Open Repository and Bibliography of the University of Liège,TRUE,12
University of Zaragoza Repository - Zaguan,TRUE,12
University of Mannheim - MADOC,FALSE,12
Universitat Jaume I - Repositori UJI,FALSE,12
Universitat Politècnica de València - RiuNet,FALSE,12
New University of Lisbon - New University of Lisbon's Repository,FALSE,12
Le Centre pour la Communication Scientifique Directe - HAL - Université de Limoges,FALSE,12
The University of Bath - The University of Bath Online Publications Store,FALSE,12
Universidad de Sevilla - idUS,FALSE,12
Universität Graz - Unipub UB Graz,TRUE,11
Le Centre pour la Communication Scientifique Directe - HAL - Université Toulouse - Jean Jaurès,TRUE,11
University of Granada - Institutional Repository of the University of Granada,TRUE,11
Authorea - Authorea,FALSE,11
James Cook University - ResearchOnline at James Cook University,FALSE,11
University of Wollongong - Research Online,FALSE,11
Universität Bielefeld - Publikationen an der Universität Bielefeld,FALSE,11
University of Technology Sydney - Open Publications Of UTS Scholars,TRUE,11
Institute of Science and Technology Austria - IST PubRep,FALSE,11
HES-SO (https://www.hes-so.ch/) - ArODES,TRUE,11
University Toulouse 1 Capitole - Toulouse Capitole Publications,TRUE,11
Verbundzentrale Göttingen (VZG) - Digitale Bibliothek Braunschweig,FALSE,11
Universitat Jaume I - Repositori UJI,TRUE,11
Ruhr University Bochum - Dokumentenrepositorium der RUB,FALSE,11
Linkoping University - DiVA,TRUE,11
Numdam - French digital mathematics library,FALSE,11
Universidad de Cádiz - RODIN - Repositorio de Objetos de Docencia e Investigación de la Universidad de Cádiz,FALSE,11
Université Toulouse I Capitole - Toulouse 1 Capitole Publications,TRUE,11
Centrum Wiskunde & Informatica - CWI's Institutional Repository,TRUE,11
University of Melbourne - Minerva Access,TRUE,11
Basque Center for Applied Mathematics - BIRD,FALSE,11
University of Central Lancashire - CLOK - Central Lancashire Online Knowledge,TRUE,11
USMAI Consortium - Maryland Shared Open Access Repository,FALSE,11
German National Library - URN:NBN Resolver for Germany & Switzerland,FALSE,11
"Griffith University, Queensland, Australia - Griffith Research Online",FALSE,11
Le Centre pour la Communication Scientifique Directe - HAL - Université de Nantes,TRUE,11
INFN Catania - INFM-OAR,TRUE,11
University of Limerick - University of Limerick Institutional Repository,FALSE,10
Semmelweis University - Semmelweis University Repository,FALSE,10
Indian Institute of Science - ePrints@IISc,FALSE,10
Manchester Metropolitan University - e-space,FALSE,10
Bournemouth University - Bournemouth University Research Online,FALSE,10
The University of Kansas - KU ScholarWorks,FALSE,10
University of Seville - Deposito de Investigacion Universidad de Sevilla,FALSE,10
London Business School - London Business School Research Online,TRUE,10
"Institute of Nuclear Sciences ""Vinča"" - VinaR - Repository of the Vinča Nuclear Institute",FALSE,10
Leibniz Universität Hannover - Institutional Repository of Leibniz Universität Hannover,TRUE,10
Kentucky University - KU ScholarWorks,FALSE,10
Hindawi - Hindawi Journal of Chemistry,FALSE,10
Le Centre pour la Communication Scientifique Directe - HAL - MINES ParisTech,TRUE,10
University of Padova - Padua Research Archive,TRUE,10
Verbundzentrale Göttingen (VZG) - Digitale Bibliothek Braunschweig,TRUE,10
National University of La Plata - El Servicio de Difusión de la Creación Intelectual,FALSE,10
Rothamsted Repository - Rothamsted Repository,FALSE,10
University of Malta - OAR@UM,FALSE,10
University of Camerino - Unicam Scientific Publications,FALSE,10
The University of Queensland - Queensland's institutional digital repository,TRUE,10
authors.library.caltech.edu,FALSE,10
Humboldt University of Berlin - edoc Publication server,FALSE,10
University of Limerick - University of Limerick Institutional Repository,TRUE,9
Universidade de Coimbra - Estudo Geral,FALSE,9
OSF Preprints - EcoEvoRxiv,FALSE,9
Ulster University - Ulster University Research Portal,FALSE,9
"Universidad de Alicante - RUA, Repositorio Institucional de la Universidad de Alicante",TRUE,9
City University London - City Research Online,TRUE,9
Stellenbosch University - SUNScholar,FALSE,9
Cold Spring Harbor Laboratory - Cold Spring Harbor Laboratory Institutional Repository,FALSE,9
Landspítali University Hospital - Hirsla,FALSE,9
MDPI AG - MDPI,TRUE,9
Le Centre pour la Communication Scientifique Directe - HAL - IN2P3,TRUE,9
Universidade Nova de Lisboa - Universidade Nova de Lisboa's Repository,FALSE,9
Science and Technology Facilities Council,FALSE,9
econstor.eu,FALSE,9
University of Bayreuth - EPub Bayreuth,FALSE,9
University of California - eScholarship University of California,TRUE,9
DiVA.org,FALSE,9
Newcastle Univesity - Newcastle University ePrints,TRUE,9
PhilPapers Foundation - PhilPapers,TRUE,9
OAPEN Foundation - Directory of Open access Books,TRUE,9
Gothenburg University - Gothenburg University Publications Electronic Archive,TRUE,9
University of Innsbruck - Digital Library of the University of Innsbruck,FALSE,9
Università Cattolica del Sacro Cuore - PubliCatt,FALSE,9
European Organization for Nuclear Research - CERN Document Server,TRUE,9
infoscience.epfl.ch,FALSE,9
Northumbria University - Northumbria Research Link,TRUE,9
University of Massachusetts Medical School - eScholarship@UMMS,FALSE,8
Royal Devon and Exeter - Royal Devon and Exeter Research Repository,FALSE,8
Universidade Federal do Rio Grande do Sul - Lume,FALSE,8
Le Centre pour la Communication Scientifique Directe - HAL - ENSM-SE,FALSE,8
GEOMAR - Helmholtz Centre for Ocean Research Kiel - OceanRep,TRUE,8
University of Santiago de Compostela - Repositorio institucional da Universidade de Santiago de Compostela,TRUE,8
University of Liège - Open Repository and Bibliography,TRUE,8
Le Centre pour la Communication Scientifique Directe - HAL - CHU de Clermont-Ferrand,TRUE,8
Univerzity Pardubice - Digitální knihovna Univerzity Pardubice,TRUE,8
University of Debrecen - University of Debrecen Electronic Archive,FALSE,8
OSF Preprints - EarthArXiv,TRUE,8
Institute of Development Studies - OpenDocs,FALSE,8
Aberdeen University - Aberdeen University Research Archive,TRUE,8
TU Wien - reposiTUm,TRUE,8
Graz University of Technology - TUGraz OPEN Library,TRUE,8
Universite de Bordeaux - Oskar-Bordeaux,FALSE,8
The Natural History Museum - The Natural History Museum repository,FALSE,8
Universität Bern - RERO DOC,TRUE,8
Tor Vergata University - Cineca Institutional Research Information System,TRUE,8
Anglia Ruskin University - Anglia Ruskin Research Online,FALSE,8
Georgetown University - Center for International and Regional Studies,FALSE,8
Le Centre pour la Communication Scientifique Directe - HAL - Cirad,TRUE,8
RWTH Aachen - RWTH Publications,TRUE,8
Vlaams Instituut Voor De Zee - Integrated Information System,FALSE,7
Royal Academy of Art and Sciences (KNAW) - KNAW research portal,TRUE,7
Conicet,TRUE,7
University of North Texas - University of North Texas Digital Library,FALSE,7
dspace.mit.edu,FALSE,7
University of South Queensland - USQ EPrints,FALSE,7
University of Modena and Reggio Emilia - IRIS UNIMORE,FALSE,7
University of Salford - University of Salford Institutional Repository,FALSE,7
Graduate Institute of International and Development Studies - Graduate Institute Geneva Institutional Repository,FALSE,7
Le Centre pour la Communication Scientifique Directe - HAL - Université de Lille,TRUE,7
University of Huddersfield - Huddersfield Research Portal,FALSE,7
Indian Institute of Technology Hyderabad - Research Archive of Indian Institute of Technology Hyderabad,FALSE,7
Murdoch University - Murdoch Research Repository,FALSE,7
University of Toronto - TSpace,FALSE,7
University Paris-Dauphine - Base Institutionnelle de Recherche de l'université Paris-Dauphine (BIRD),TRUE,7
Koç University - Digital Collections portal,TRUE,7
University of Bradford - Bradford Scholars,FALSE,7
Australian Catholic University - Research Bank,FALSE,7
Universidad Pública de Navarra - Academica-e,FALSE,7
Kobe University - Kobe University Repository Kernel,FALSE,7
Open Research Library - BiblioBoard Library Catalog,TRUE,7
GFZ German Research Centre for Geosciences - Publication Database GFZ,TRUE,7
Heidelberg University - heiDOK - The Heidelberg Document Repository,FALSE,7
Siberian Federal University - SibFU Digital Repository,FALSE,7
Abertay University - Abertay Research Portal,FALSE,7
Technischen Universität Darmstadt,TRUE,7
www.zora.uzh.ch,FALSE,7
Nottingham Trent Repository - Nottingham Trent University's Institutional Repository,FALSE,7
Washington University School of Medicine - Digital Commons@Becker,FALSE,7
Universidad Carlos III de Madrid - e-Archivo,FALSE,7
London School of Hygiene and Tropical Medicine - LSHTM Research Online,TRUE,7
Technischen Universität Hamburg - Open Access Repository Technischen Universität Hamburg,FALSE,7
Universidad De Navarra - Deposito Academico Digital Universidad De Navarra,FALSE,7
Ozyegin University - eResearch@Ozyegin,FALSE,6
Universidade Da Coruña - RUC,FALSE,6
GESIS – Leibniz Institute for the Social Sciences - Social Science Open Access Repository,TRUE,6
Karolinska Institutet - Open Archive,FALSE,6
University of Málaga - Repositorio Institucional de la Universidad de Málaga,FALSE,6
Le Centre pour la Communication Scientifique Directe - HAL - Université Paris 1 Panthéon-Sorbonne,TRUE,6
OSF Preprints - PaleoRxiv,FALSE,6
Fundación Universitaria San Pablo CEU - CEU Repositorio Institucional,FALSE,6
Le Centre pour la Communication Scientifique Directe - HAL - Université de Bretagne Occidentale,TRUE,6
Temple University - TUScholarShare,FALSE,6
University of West London - UWL Repository,FALSE,6
Roskilde University - RUCforsk,FALSE,6
College of William & Mary - W&M Publish,FALSE,6
Birmingham City University - BCU Open Access Repository,FALSE,6
Hindawi - Hindawi,FALSE,6
Ammattikorkeakoulujen - Theseus,FALSE,6
Hungarian Academy of Sciences - SZTAKI Publication Repository,TRUE,6
Université Libre de Bruxelles - Dépôt institutionnel de l'Université libre de Bruxelles,FALSE,6
Vlaams Instituut Voor De Zee - Platform voor marien onderzoek,FALSE,6
Le Centre pour la Communication Scientifique Directe - HAL - Paris Observatory,TRUE,6
Georg-August-Universität Göttingen - GoeScholar  The Publication Server of the Georg-August-Universität Göttingen,TRUE,6
Dublin Institute of Technology - Arrow@dit,TRUE,6
IRIS Istituto Nazionale di Ricerca Metrologica - CINECA IRIS Institutional Research Information System,FALSE,6
West Virginia University - The Research Repository @ WVU,FALSE,6
Université Libre de Bruxelles - Dépôt institutionnel de l'Université libre de Bruxelles,TRUE,6
Tomsk Polytechnic University - Электронный научный архив ТПУ: Главная страница,FALSE,6
Univerzita Pardubice - Digitalni Knihovna,TRUE,6
University of Colorado Boulder - CU Scholar,TRUE,6
Universitat de Girona - Universitat de Girona Digital Repository,TRUE,6
Masarykiana Brunensis Universitas - Veřejné služby Informačního systému,FALSE,6
California Digital Library - eScholarship,TRUE,6
"Nova Science Publishers, Inc. - Nova Science Publishers",TRUE,6
Le Centre pour la Communication Scientifique Directe - HAL - Université Savoie Mont Blanc,TRUE,6
Institute of Science and Technology Austria - IST PubRep,TRUE,6
digital.csic.es,FALSE,6
Aston University - Aston Publications Explorer,TRUE,6
University of Nebraska - Lincoln - DigitalCommons@University of Nebraska - Lincoln,FALSE,5
"The Marine Biological Association (MBA), Plymouth Marine Laboratory (PML) and the Sir Alister Hardy Foundation for Ocean Science (SAHFOS). - Plymouth Marine Science Electronic Archive",TRUE,5
University College Cork - Cork Open Research Archive,FALSE,5
Universität Wien - Phaidra,TRUE,5
GuildHE Research - Harper Adams University Repository,TRUE,5
University of Regensburg - University of Regensburg Publication Server,TRUE,5
The OAPEN Foundation - OAPEN,TRUE,5
University of Greenwich - Greenwich Academic Literature Archive,FALSE,5
HES-SO (https://www.hes-so.ch/) - ArODES,FALSE,5
Natural Environment Research Council - NERC Open Research Archive,TRUE,5
Coventry University - Pure,FALSE,5
Universidad de Las Palmas de Gran Canaria - Acceda,FALSE,5
London South Bank University - Research Open,FALSE,5
UWA - UWA Profiles and Research Repository,TRUE,5
La Trobe University - OPAL (Open@LaTrobe),FALSE,5
University of Seville - Deposito de Investigacion Universidad de Sevilla,TRUE,5
Johannes Kepler Universitat Linz - University Library Linz repository,TRUE,5
Edge Hill University - Edge Hill University Research Information Repository,FALSE,5
SRCE - University of Zagreb University Computing Centre - HRČAK - Portal of scientific journals of Croatia,FALSE,5
Le Centre pour la Communication Scientifique Directe - HAL - Université Jean Moulin Lyon 3,TRUE,5
University of Bayreuth - EPub Bayreuth,TRUE,5
University of Stuttgart - OPUS Publication Server of the University of Stuttgart,TRUE,5
Le Centre pour la Communication Scientifique Directe - HAL - Inrap,TRUE,5
Istanbul University - DergiPark,FALSE,5
University of Szeged - SZTE Publicatio Repozitórium - SZTE - Repository of Publications,TRUE,5
Le Centre pour la Communication Scientifique Directe - HAL - INERIS,TRUE,5
Le Centre pour la Communication Scientifique Directe - HAL - UJM - Université Jean Monnet,TRUE,5
Louisiana State University - LSU Digital Commons,TRUE,5
Le Centre pour la Communication Scientifique Directe - HAL - hprints.org,TRUE,5
Alfred-Wegener-Institut - Helmholtz-Zentrum für Polar-und Meeresforschung,TRUE,5
Maynooth University - Maynooth University ePrints and eTheses Archive,TRUE,5
https://www.suub.uni-bremen.de/ - Media,FALSE,5
The Open University - Open Research Online,TRUE,5
University of London - SAS-Space,FALSE,5
Algarve University - Sapientia,FALSE,5
University of Michigan - Deep Blue,TRUE,5
Der Gemeinsame Bibliotheksverbund - Common Library Network,FALSE,5
University of Adelaide - Adelaide Research & Scholarship (AR&S),TRUE,5
Uni Regensburg - Publikationsserver der Universität Regensburg,TRUE,5
University of Padua - Padua Research Archive,TRUE,5
Consorci de Serveis Universitaris de Catalunya - Tesis Doctorals en Xarxa,FALSE,5
Universitätsbibliothek Kassel - Kobra,FALSE,4
"Ministerio de Educación, Cultura y Deporte - Consultation of the Doctoral Thesis Database (TESEO)",TRUE,4
"MacOdrum Library, Carleton University - Carleton University's Institutional Repository",FALSE,4
Harvard University - Digital Access to Scholarship at Harvard (DASH),TRUE,4
OSF Preprints - BodoArXiv,FALSE,4
Cyprus University of Technology - Ktisis at Cyprus University of Technology,FALSE,4
OpenEdition - OpenEdition,TRUE,4
University of the Sunshine Coast - USC Research Bank,FALSE,4
University of Vigo - Investigo repository of University of Vigo,FALSE,4
DiVA.org,TRUE,4
Ruđer Bošković Institute - Institutional Repository  of the Ruđer Bošković Institute,TRUE,4
East Carolina University - The Scholarship East Carolina University's Institutional Repository,FALSE,4
Umeå University - DiVA at Umeå University,TRUE,4
ARCNL - ARCNL Institutional Repository,TRUE,4
"Swiss Federal Institute for Forest, Snow and Landscape Research - DORA WSL",TRUE,4
University of East London - UEL Research Repository,FALSE,4
University of Plymouth - PEARL,TRUE,4
The University of Bath - The University of Bath Online Publications Store,TRUE,4
University of Roehampton - Roehampton Research Explorer,FALSE,4
Glasgow Caledonian University - ResearchOnline,FALSE,4
University of Oxford - Oxford Academic Notes & Queries,TRUE,4
Technical University of Dortmund - Eldorado,FALSE,4
Swarthmore College Libraries - Swarthmore College Works,FALSE,4
Graduate Institute of International and Development Studies - Graduate Institute Geneva Institutional Repository,TRUE,4
Brno University of Technology - Brno University of Technology Digital Library,TRUE,4
Dublin Institute of Technology - ARROW@Dublin Institute of Technology,FALSE,4
Institut für kunst- und musikhistorische Forschungen der  Österreichischen Akademie der Wissenschaften - Oesterreichisches Musiklexikon online,FALSE,4
University of Pretoria - UpSpace Institutional Repository,FALSE,4
Le Centre pour la Communication Scientifique Directe - HAL - Audencia Business School,TRUE,4
Dalarna University Library - Diva portal,FALSE,4
Nottingham Trent Repository - Nottingham Trent University's Institutional Repository,TRUE,4
De Montfort University - DMU Open Research Archive,FALSE,4
University of Louisville - ThinkIR: The University of Louisville's Institutional Repository,FALSE,4
University of St.Gallen - Alexandria (UniSG),FALSE,4
Western University - Scholarship@Western,FALSE,4
Bath Spa University - ResearchSPAce,FALSE,4
PubMed Central - Europe PMC,FALSE,4
University of Innsbruck - Digital Library of the University of Innsbruck,TRUE,4
Georgetown University - Center for International and Regional Studies,TRUE,4
Federation University Australia - FedUni ResearchOnline,FALSE,4
The Royal Netherlands Academy of Arts and Sciences - KNAW Research Portal,TRUE,4
Teesside University - Teesside University Research Portal,FALSE,4
Universidad de Alicante - Repositorio Institucional de la Universidad de Alicante,TRUE,4
Vanderbilt University - Discover Archive,FALSE,4
"Universidad Andrés Bello (UNAB) - Repositorio Institucional Académico , Sistema de Bibliotecas Universidad Andrés Bello (UNAB)",FALSE,4
www.repository.cam.ac.uk,FALSE,4
University of the West of Scotland - The UWS Academic Portal,FALSE,4
University of Cantabria - UCrea,TRUE,4
Le Centre pour la Communication Scientifique Directe - HAL - Université d'Artois,TRUE,4
OpenEdition - OpenEdition,FALSE,4
"Science and Technology Facilities Council, Research Councils UK - ePubs",FALSE,4
Der Gemeinsame Bibliotheksverbund - Common Library Network,TRUE,4
University of the Basque Country - Communities in ADDI,TRUE,4
University of Navarra - Deposito Adademico Digital Universidad De Navarra,FALSE,4
Universidade de Coimbra - Industrias Culturais,FALSE,3
Christian-Albrechts-Universität zu Kiel - Multimedialer Archiv- und Publikationsserver der Christian-Albrechts-Universität zu Kiel,FALSE,3
University of Bradford - Bradford Scholars,TRUE,3
University of Massachusetts Amherst - ScholarWorks@UMassAmherst,FALSE,3
Natural Resources Institute Finland (Luke) - Jukuri,FALSE,3
Universidad Politécnica de Madrid - Archivo Digital UPM,TRUE,3
UPMC - Université Pierre et Marie CURIE - HAL,FALSE,3
Cranfield University - CERES,TRUE,3
IRIS Istituto Nazionale di Ricerca Metrologica - CINECA IRIS Institutional Research Information System,TRUE,3
National Academy of Sciences of Ukraine - The scientific electronic library of periodicals of the National Academy of Sciences of Ukraine,FALSE,3
"California State University, Northridge - CSUN ScholarWorks",FALSE,3
Iowa State University - Iowa State University Digital Repository,FALSE,3
"Université catholique de Louvain (UCL), l'Université de Namur (UNamur) and the Université Saint-Louis (USL-B) - Digital Access to Libraries",FALSE,3
Karlstad University - Digitala vetenskapliga arkivet (Diva),FALSE,3
National University of Distance Education - Institutional Repository of the National University of Distance Education,FALSE,3
The Arctic University of Norway - Munin Open Research Archive,TRUE,3
European Commission - Joint Research Centre,FALSE,3
Rice University - Rice University's digital scholarship archive,FALSE,3
University of Western Australia - UWA Profiles and Research Repository,TRUE,3
Indiana University - IUScholarWorks Open,TRUE,3
Copenhagen Business School - CBS Research Portal,FALSE,3
University of Southern Queensland - University of Southern Queensland ePrints,FALSE,3
University of the Western Cape - UWC Research Repository,TRUE,3
"Erasmus University, Rotterdam - RePub",TRUE,3
Government of Canada - National Research Council Canada,FALSE,3
Aberystwyth University - Aberystwyth Research portal,TRUE,3
Consultative Group for International Agricultural Research - CGSPace A Repository of Agricultural Research Outputs,FALSE,3
hacettepe.edu.tr - Hacettepe University Institutional Repository,FALSE,3
Digital Access to Libraries,FALSE,3
Saint Mary's University - Saint Mary's University Institutional Repository,FALSE,3
Univerzita Pardubice - Digitalni Knihovna,FALSE,3
Università degli Studi di Brescia - Institutional Research Information System,TRUE,3
University of Brighton - University of Brighton Repository,FALSE,3
University of Southern Queensland - University of Southern Queensland ePrints,TRUE,3
Le Centre pour la Communication Scientifique Directe - HAL - ENSM-SE,TRUE,3
Singapore Management University - Singapore Management University Institutional Knowledge (InK),FALSE,3
University of London - SAS-Space,TRUE,3
Universitätsbibliothek Kassel - Kobra,TRUE,3
McGill - eScholarship@McGill,FALSE,3
Justus-Liebig-Universität Gießen - University writing server of the Justus Liebig University Giessen,FALSE,3
Bangor University - Bangor University Research Portal,TRUE,3
Le Centre pour la Communication Scientifique Directe - HAL - CentraleSupélec,TRUE,3
The International Islamic University Malaysia - The International Islamic University Malaysia Repository,FALSE,3
University of Canterbury - University of Canterbury Research Repository,FALSE,3
Middlesex University Of London - Middlesex University Research Repository,FALSE,3
Munich University - Munich Personal RePEc Archive,FALSE,3
Swiss Federal Institute of Aquatic Science and Technology (Eawag) - DORA Eawag,TRUE,3
Le Centre pour la Communication Scientifique Directe - HAL - UFC - Université de Franche-Comté,TRUE,3
Technische Universität Dortmund - Technische Universität Dortmund Eldorado,FALSE,3
Cornell University - Project Euclid,TRUE,3
North-west University - Boloka Institutional Repository,FALSE,3
Universidade Nova de Lisboa - Universidade Nova de Lisboa's Repository,TRUE,3
University of Skövde - University Library of Skövde,FALSE,3
Middlesex University Of London - Middlesex University Research Repository,TRUE,3
Monash University - Monash University Research Portal,FALSE,3
Curtin University - eSpace,TRUE,3
İZMİR YÜKSEK TEKNOLOJİ ENSTİTÜSÜ - İYTE - DSpace@IZTECH Institutional Repository,FALSE,3
North American Electric Reliability Corporation - North American Electric Reliability Corporation Open Archive,TRUE,3
University of Sunderland - Sunderland Repository,FALSE,3
University of Modena and Reggio Emilia - IRIS UNIMORE,TRUE,3
Helmholtz-Zentrum Berlin für Materialien und Energie GmbH (HZB) - HZB Repository,TRUE,3
Le Centre pour la Communication Scientifique Directe - HAL - Université Francois Rabelais - Tours,TRUE,3
Institute of Volcanology and Seismology - The IVS FEB RAS Repository,FALSE,3
University of Pittsburgh - D-Scholarship@Pitt,FALSE,3
Royal Agricultural University - Royal Agricultural University Repository,FALSE,3
Edge Hill University - Edge Hill University Research Information Repository,TRUE,3
Universidad de la Rioja - Dialnet,FALSE,3
National College of Ireland - TRAP@NCI,FALSE,3
Netherlands National Institute for Public Health and the Environment - Rivm Repository,FALSE,3
spiral.imperial.ac.uk,TRUE,3
Rice University - Rice Digital Scholarship Archive,FALSE,3
Ludwig-Maximilians-Universität München - Elektronische Hochschulschriften der LMU München,FALSE,3
York St John University - Research at York St John,FALSE,3
University of Bergen - Bergen Open Research Archive (BORA),TRUE,3
Kingston University London - Research Repository,FALSE,3
Universidad de Sevilla - idUS,TRUE,3
Academy of Humanities and Economics in Lodz - Homo Politicus,TRUE,2
Universitätsbibliothek Freiburg - FreiDok plus,FALSE,2
University of Tasmania - Open Access Repository,TRUE,2
Utah State University - Utah State Research and Scholarship,FALSE,2
University of Manitoba - Mspace,FALSE,2
Lincoln University - Lincoln University Research Archive,FALSE,2
Deakin University - Deakin Research Online,FALSE,2
Le Centre pour la Communication Scientifique Directe - HAL - TEL - Thèses en ligne,TRUE,2
OSF Preprints - AfricArXiv,FALSE,2
University of Huddersfield - Huddersfield Research Portal,TRUE,2
Universidad Politécnica de Madrid - Archivo Digital UPM,FALSE,2
Montana State University - Montana State University ScholarWorks,FALSE,2
Cold Spring Harbor Laboratory - bioRxiv,FALSE,2
Le Centre pour la Communication Scientifique Directe - HAL - Mines Nantes,TRUE,2
Le Centre pour la Communication Scientifique Directe - HAL - Hospices Civils de Lyon,TRUE,2
University of Waterloo - UWSpace,FALSE,2
Kyoto University - Kyoto University Research Information Repository,TRUE,2
Edith Cowan University - Research Online,FALSE,2
Bournemouth University - Bournemouth University Research Online,TRUE,2
Corvinus University of Budapest - Corvinus Research Archive,FALSE,2
University of Duisburg-Essen - DuEPublico,FALSE,2
OSF Preprints - EcoEvoRxiv,TRUE,2
Sheffield Hallam University - SHURA (Sheffield Hallam University Research Archive),TRUE,2
Université de Lille (University Of Lille) - LillOA,TRUE,2
Le Centre pour la Communication Scientifique Directe - HAL - @rchiveSIC,TRUE,2
University of Kassel - Kobra,FALSE,2
St George's University of London - St George's Online Research Archive,TRUE,2
CONICET - CONICET Digital,TRUE,2
Wageningen University & Research - Wageningen University and Researchcenter Publications,TRUE,2
Servicio Gallego de Salud (SERGAS) - RUNA. Repositorio Institucional del Sergas,FALSE,2
Texas Tech University - ThinkTech,FALSE,2
Le Centre pour la Communication Scientifique Directe - HAL - uB,TRUE,2
University of Trieste https://www.units.it/ - ArTS Archivio della ricerca di Trieste,TRUE,2
Örebro University - Örebro University Library,FALSE,2
The Hong Kong University of Science and Technology - Rare & Special e-Zone,TRUE,2
Karolinska Institutet - Open Archive,TRUE,2
Pohang University of Science and Technology - Open Access System for Information Sharing,FALSE,2
Figshare - Open Access Victoria University of Wellington | Te Herenga Waka,TRUE,2
Universidad del Pais Vasco - Communities in ADDI,TRUE,2
University of Greenwich - Greenwich Academic Literature Archive,TRUE,2
University of Udine - Institutional Research Information System,TRUE,2
Cirad - Agritrop,TRUE,2
Hokkaido University - Hokkaido University Collection of Scholarly and Academic Papers,FALSE,2
OSF Preprints - BodoArXiv,TRUE,2
Montana State University - Montana State University ScholarWorks,TRUE,2
Augsburg University - OPUS - Augsburg University Publication Server,TRUE,2
State Meteorological Agency - Arcimis,FALSE,2
Anglia Ruskin University - Anglia Ruskin Research Online,TRUE,2
Rochester Institute of Technology - RIT Scholar Works,FALSE,2
Fundación TECNALIA Research & Innovation - TECNALIA Publications,FALSE,2
University of South Queensland - USQ EPrints,TRUE,2
Modern Language Association / Columbia University - Humanities Commons CORE,TRUE,2
Thomas Jefferson University - Jefferson Digital Commons,FALSE,2
AMOLF - AMOLF Institutional Repository,TRUE,2
Goethe University Frankfurt - Publication Server of Goethe University Frankfurt am Main,TRUE,2
中国科学院力学研究所,FALSE,2
Universidad de Córdoba - Universidad de Córdoba Insitutional Repository,FALSE,2
San Jose State University - San Jose State University Scholar Works,TRUE,2
Universidad de Almería - Repositorio de Patentes de la Universidad de Almería,FALSE,2
Ifremer - Archimer,TRUE,2
University of Illinois at Urbana-Champaign - Illinois Digital Environment for Access to Learning and Scholarship,FALSE,2
National University of La Plata - El Servicio de Difusión de la Creación Intelectual,TRUE,2
University of Burgos - Repositorio Institucional de la Universidad de Burgos,FALSE,2
Simon Fraser University - Summit,FALSE,2
University of Huddersfield - University of Huddersfield Repository,FALSE,2
Carl von Ossiezky University of Oldenburg,FALSE,2
University of Padova - Padua@research,FALSE,2
University of Valladolid - UVaDOC UVaDOC University of Valladolid Documentary Repository,FALSE,2
The University of Sydney - The Sydney eScholarship Repository,FALSE,2
Osaka University - OUKA (Osaka University Knowledge Archive),FALSE,2
Canterbury Christ Church University - Create,TRUE,2
University of Lisbon - Repositório da Universidade de Lisboa,TRUE,2
Sirnak University - DSpace,FALSE,2
University of Navarra - Deposito Adademico Digital Universidad De Navarra,TRUE,2
"Science and Technology Facilities Council, Research Councils UK - ePubs",TRUE,2
Brunel University London - Brunel University Research Archive (BURA),TRUE,2
University of West Bohemia - Digital Library,FALSE,2
Saarland University and State Library - SciDok,FALSE,2
Tampere University - Tampere University Institutional Repository,TRUE,2
University of Szeged - SZTE Repository of Dissertations,FALSE,2
Marquette University - e-Publications@Marquette,FALSE,2
Kooperativer Bibliotheksverbund Berlin-Brandenburg - OPUS Repository,TRUE,2
Singapore Management University - Singapore Management University Institutional Knowledge (InK),TRUE,2
University of North Carolina at Chapel Hill - Carolina Digital Repository,TRUE,2
University of Turku - UTUPub,FALSE,2
University of Camerino - Unicam Scientific Publications,TRUE,2
"University of Belgrade, Faculty of Chemistry (Belgrade, Serbia) - FarFar - Pharmacy Repository",FALSE,2
The University of Texas Rio Grande Valley - ScholarWorks @ UTRGV,FALSE,2
University of Lleida - Repositori ObertUDL,FALSE,2
TU Delft - Repository hosted by TU Delft Library,FALSE,2
GuildHE Research - Harper Adams University Repository,FALSE,2
Edinburgh Napier University - Repository@Napier,FALSE,2
University of Worcester - Worcester Research and Publications,FALSE,2
"Paris Institute of Technology - SAM, the Arts et Métiers ParisTech open access repository",FALSE,2
Auckland University of Technology - Tuwhera,FALSE,2
Jagiellonian University - Jagiellonian University Repository,TRUE,2
University of Ferrara - Institutional Research Information System University of Ferrara,TRUE,2
Ammattikorkeakoulujen - Theseus,TRUE,2
Edinburgh Napier University - Research Output,FALSE,2
University of the Azores - Repository of the University of the Azores,FALSE,1
University College Cork - Cork Open Research Archive,TRUE,1
Acta Académica - Acta Académica,FALSE,1
Universidade Católica Portuguesa - Repositório Institucional da Universidade Católica Portuguesa,FALSE,1
Federal University of Rio Grande do Norte - BDTD - Digital Library of Theses and Dissertations,FALSE,1
Zuse Institute Berlin - OPUS 4,FALSE,1
Indiana University - Digital Library Of The Commons Repository,TRUE,1
Middle East Technical University - OpenMETU,TRUE,1
Cornell University - eCommons,TRUE,1
IMT School for Advanced Studies Lucca - IMT Institutional Repository,FALSE,1
The Ohio State University - The Knowledge Bank,TRUE,1
Technical University of Applied Sciences Wildau - TH Wildau,FALSE,1
Queensland University of Technology - QUT ePrints,TRUE,1
University of Oklahoma; Oklahoma State University; Central Oklahoma University - SHAREOK,FALSE,1
Staffordshire University - Staffordshire Online Repository,FALSE,1
Işık Üniversitesi - Akademik Açık Erişim,FALSE,1
Woods Hole Scientific Community - Open Access Server of the Woods Hole Scientific Community,TRUE,1
Natural Resources Institute Finland (Luke) - Jukuri,TRUE,1
University of Waterloo - UWSpace,TRUE,1
Texas Digital Library - Texas ScholarWorks,FALSE,1
Digital Access to Libraries,TRUE,1
"International Centre for Research in Organic Food Systems, and Research Institute of Organic Agriculture - Organic Eprints",FALSE,1
Saarland University and State Library - SciDok,TRUE,1
Le Centre pour la Communication Scientifique Directe - HAL - Sorbonne Paris Nord,TRUE,1
ZB MED - Informationszentrum Lebenswissenschaften - PUBLISSO-Fachrepositorium Lebenswissenschaften,TRUE,1
Cold Spring Harbor Laboratory - medRxiv,TRUE,1
Vlaams Instituut Voor De Zee - Platform voor marien onderzoek,TRUE,1
Goce Delčev University of Štip - Goce Delchev University Repository,FALSE,1
ICARDA (The International Center for Agricultural Research in Dry Areas) - MELSpace,TRUE,1
Saint Petersburg State University - Research Repository Saint Petersburg State University,TRUE,1
Royal Veterinary College - RVC Research Online,TRUE,1
University of St.Gallen - Alexandria (UniSG),TRUE,1
Swarthmore College Libraries - Swarthmore College Works,TRUE,1
Università Politecnica delle Marche - Università Politecnica delle Marche - IRIS,FALSE,1
Universidad Del Rosario - Repositorio Institucional E-DocUR,FALSE,1
Adam Mickiewicz University in Poznań - Repozytorium Uniwersytetu im. Adama Mickiewicza,FALSE,1
Government of Canada - National Research Council Canada,TRUE,1
University of Eastern Finland - UEF eRepo,FALSE,1
Queen Margaret University - Queen Margaret University Publications Repository,FALSE,1
Global Alliance Against Traffic in Women - Anti-Trafficking Review,FALSE,1
Université du Québec en Abitibi-Témiscamingue - Depositum,FALSE,1
Shinshu University - SOAR,FALSE,1
University of Porto - Open Repository of the University of Porto,TRUE,1
Instituto Politécnico de Lisboa - Repositório Científico do Instituto Politécnico de Lisboa,FALSE,1
Institut de Recerca i Tecnologia Agroalimentaries - IRTA - IRTA Pubpro,FALSE,1
Instituto Nacional de Saúde Doutor Ricardo Jorge - Scientific Repository of the National Health Institute Doutor Ricardo Jorge,FALSE,1
University of the Arts London - University of the Arts London Research Online,TRUE,1
University of London - Goldsmiths,FALSE,1
University of Kassel - Kobra,TRUE,1
Indiana University - IUScholarWorks,TRUE,1
Pohang University of Science and Technology - Open Access System for Information Sharing,TRUE,1
Le Centre pour la Communication Scientifique Directe - HAL - Artxiker,TRUE,1
University of Debrecen - University of Debrecen Electronic Archive,TRUE,1
Instituto Politécnico de Santarém - Repositório Científico do Instituto Politécnico de Santarém,FALSE,1
Dublin City University - Dublin City University Open Access Institutional Repository,TRUE,1
"Paris Institute of Technology - SAM, the Arts et Métiers ParisTech open access repository",TRUE,1
Texas A&M University Libraries - OakTrust,FALSE,1
Universidad de Las Palmas de Gran Canaria - Acceda,TRUE,1
Universidad Autónoma de Nuevo León - El Repositorio Academico Digital de la UANL,FALSE,1
Mid Sweden University - Publications,FALSE,1
Carleton University - Journal of Computational Geometry,FALSE,1
University of Tartu - DSpace repository,FALSE,1
Florida International University - Florida International University Digital Commons,FALSE,1
dash.harvard.edu,FALSE,1
Columbia University - Columbia Academic Commons,TRUE,1
University of Vigo - Investigo repository of University of Vigo,TRUE,1
Helmholtz-Zentrum für Infektionsforschung GmbH - HZI Open Repository,TRUE,1
Sunway University - Sunway Institutional Repository,TRUE,1
eprints.whiterose.ac.uk,FALSE,1
University College London - UCL Discovery,FALSE,1
University of Brighton - University of Brighton Repository,TRUE,1
Masarykiana Brunensis Universitas - Veřejné služby Informačního systému,TRUE,1
National University of Distance Education - Institutional Repository of the National University of Distance Education,TRUE,1
OSF Preprints - MediArXiv,FALSE,1
École Polytechnique de Montréal - PolyPublie,FALSE,1
University of North Texas - University of North Texas Digital Library,TRUE,1
INRA Bordeaux-Aquitaine - Prodinra,TRUE,1
Robert Kock Institute - Publication server of the Robert Koch Institute,FALSE,1
Channel View Publications - Multilingual Matters,FALSE,1
University of Calgary - PRISM,FALSE,1
Qatar University - Qatar University QSpace,FALSE,1
Universidad de Huelva - Repositorio Institucional de la Universidad de Huelva,FALSE,1
James Cook University - ResearchOnline at James Cook University,TRUE,1
"University of Belgrade, School of Dental Medicine - SMILE – School of dental Medicine dIgitaL archivE",FALSE,1
Stellenbosch University - SUNScholar,TRUE,1
Universitat de Barcelona - Dipòsit Digital de la Universitat de Barcelona,FALSE,1
Université de Montréal - Papyrus : Institutional Repository,FALSE,1
University of Ottawa - @nalyses,FALSE,1
Rice University - Rice University's digital scholarship archive,TRUE,1
Serbian Academy of Sciences and Arts - Digital Archive of SASA,TRUE,1
https://www.suub.uni-bremen.de/ - Media,TRUE,1
Instituto Gulbenkian de Ciência - Access to Research and Communication Annals,FALSE,1
Kyushu University - Kyushu University Institutional Repository (QIR),TRUE,1
"Univesrity of Belgrade, Faculty of Chemistry - Cherry - Repository of the Faculty of Chemistry, University of Belgrade",FALSE,1
econstor.eu,TRUE,1
La Trobe University - OPAL (Open@LaTrobe),TRUE,1
"The Royal Society of Chemistry - The Royal Society of Chemistry’s Journals, Books and Databases",FALSE,1
Science and Technology Facilities Council,TRUE,1
University of Extremadura - Institutional Repository University of Extremadura,TRUE,1
Uniwersytetu Adama Mickiewicza - Pressto,TRUE,1
University of Westminster - WestminsterResearch,TRUE,1
"University of Belgrade, Institute for Biological Research Sinisa Stankovic - Digital Repository of Archived Publications - Institute for Biological Research Sinisa Stankovic (RADaR)",FALSE,1
Wheaton College (MA) - Wheaton College Digital Repository,FALSE,1
University of Ottawa - uO Research,FALSE,1
Numdam - French digital mathematics library,TRUE,1
The Electrochemical Society - ECS Journal of Solid State Science and Technology,FALSE,1
University of Illinois at Chicago - INDIGO,TRUE,1
Royal College of Art - Royal College of Art Research Repository,TRUE,1
HAL,TRUE,1
Catholic University of Leuven - DIAL,TRUE,1
Jönköping University - Jönköping University Publications,FALSE,1
Boise State University - ScholarWorks,FALSE,1
Università degli Studi di Trento - Institutional Research Information System,FALSE,1
California Polytechnic State University - DigitalCommons,TRUE,1
Flinders University - Flinders Academic Commons,FALSE,1
McMaster University - MacSphere,FALSE,1
University of Pisa - Electronic Theses and Dissertations Repository,FALSE,1
Università Cattolica del Sacro Cuore - PubliCatt,TRUE,1
Hokkaido University - Hokkaido University Collection of Scholarly and Academic Papers,TRUE,1
University of Wollongong - Research Online,TRUE,1
Hindawi - Hindawi,TRUE,1
Belarusian State University - BSU Digital Library,TRUE,1
Wayne State University - Digital Commons at Wayne State University,TRUE,1
University of Amsterdam - UvA-DARE,FALSE,1
Duke University - DukeSpace,FALSE,1
Gettysburg College - The Cupola: Scholarship at Gettysburg College,TRUE,1
University of Jyväskylä - Jyväskylä University Digital Archive,FALSE,1
European Commission - Joint Research Centre,TRUE,1
Le Centre pour la Communication Scientifique Directe - HAL - Université de Limoges,TRUE,1
Texas A&M University - OAKTRUST,FALSE,1
Serbian Academy of Sciences and Arts - Digital Archive of SASA,FALSE,1
University of Wolverhampton - Wolverhampton Intellectual Repository and E-Theses,FALSE,1
The University of Waikato - Research Commons,FALSE,1
University of Derby - University of Derby Online Research Archive.,FALSE,1
University of Pittsburgh - D-Scholarship@Pitt,TRUE,1
University of Bologna - AMS Acta,TRUE,1
ISCTE-IUL - Repositório Institucional do ISCTE-IUL,TRUE,1
eprints.ucl.ac.uk.OAI2,TRUE,1
University of Pretoria - UpSpace Institutional Repository,TRUE,1
"Yantai Institute of Coastal Zone Research - Knowledge Repository of Yantai Institute of Coastal Zone Research, CAS",FALSE,1
Association for Information Systems - AIS Electronic Library (AISeL),FALSE,1
The University of Texas Rio Grande Valley - ScholarWorks @ UTRGV,TRUE,1
University of Calgary - PRISM,TRUE,1
Copenhagen Business School - CBS Research Portal,TRUE,1
University of Roehampton - Roehampton Research Explorer,TRUE,1
Dublin Business School - eSource,FALSE,1
Zurich University of Applied Sciences - Zürcher Hochschule für Angewandte Wissenschaften digital collection,FALSE,1
Belgorod State National Research University - Open Access Repository,FALSE,1
University of Rochester - Hau Network of Ethnographic Theory,FALSE,1
Technical University of Dortmund - Eldorado,TRUE,1
Ubiquity Press - Open Quaternary,FALSE,1
"Griffith University, Queensland, Australia - Griffith Research Online",TRUE,1
digitalcommons.unl.edu,FALSE,1
Boston University - OpenBU/Boston University Institutional Repository,FALSE,1
ÚFAL - Institute of Formal and Applied Linguistics,FALSE,1
USMAI Consortium - Maryland Shared Open Access Repository,TRUE,1
Eötvös Loránd University - ELTE Digital Institutional Repository (EDIT),TRUE,1
Queen's University Library - QSpace,FALSE,1
Radboud University - Radboud Repository,TRUE,1
University of East London - ROAR,TRUE,1
Boston University - OpenBU,FALSE,1
Kobe University - Kobe University Repository Kernel,TRUE,1
Okayama University - Okayama University Scientific Achievement Repository,FALSE,1
Polytechnic University of Cartagena - Digital Repository,FALSE,1
Writtle University College - Writtle University College Repository,FALSE,1
Indian Institute of Science - ePrints@IISc,TRUE,1
University of Lapland - LaCRIS - University of Lapland Current Research System,TRUE,1
Leeds Beckett University - Leeds Beckett Repository,FALSE,1
University of Salford - University of Salford Institutional Repository,TRUE,1
Wageningen University & Research - Wageningen University and Researchcenter Publications,FALSE,1
Universidad de Coimbra - Estudo Geral,TRUE,1
Citizen Science Association - Citizen Science: Theory and Practice,FALSE,1
University of Duisburg-Essen - DuEPublico,TRUE,1
Institute of Development Studies - OpenDocs,TRUE,1
Universidade de Aveiro - Repositório Institucional da Universidade de Aveiro,FALSE,1
Robert Gordon University - OpenAIR@RGU,TRUE,1
University of Pennsylvania - ScholarlyCommons,FALSE,1
University of Edinburgh - Edinburgh Research Explorer,FALSE,1
Le Centre pour la Communication Scientifique Directe - HAL - memSIC,FALSE,1
Dublin Institute of Technology - ARROW@Dublin Institute of Technology,TRUE,1
Lund University - Lund University Publications Student Papers,FALSE,1
Universidad de Costa Rica - Investigative News in Education,FALSE,1
London South Bank University - Research Open,TRUE,1
Vanderbilt University - Electronic Theses and Dissertations,FALSE,1
"University of New South Wales, Sydney, Australia - UNSWorks",TRUE,1
Arizona State University - Arizona State University Library Digital Repository,FALSE,1
University of Massachusetts Medical School - eScholarship@UMMS,TRUE,1
AECID Library - Americanae,FALSE,1
University of Gloucestershire - Research Repository,FALSE,1
Victoria University - Victoria University Research Repository,FALSE,1
University of Huddersfield - University of Huddersfield Repository,TRUE,1
Robert Gordon University - OpenAIR@RGU,FALSE,1
Instituto Valenciano de Investigaciones Agrarias (IVIA) - Redivia,FALSE,1
University of Malta - OAR@UM,TRUE,1
Ecole Polytechnique Fédérale de Lausanne - Infoscience,FALSE,1
University of Valladolid - UVaDOC UVaDOC University of Valladolid Documentary Repository,TRUE,1
Universidade Federal do Rio Grande do Sul - Lume,TRUE,1
Instituto Superior de Psicologia Aplicada - Repositório do ISPA,FALSE,1
University of Pennsylvania - ScholarlyCommons,TRUE,1
Kansas State University - K-State Research Exchange,FALSE,1
Cardiff Metropolitan University - Cardiff Metropolitan Research Repository,FALSE,1
University of Málaga - Repositorio Institucional de la Universidad de Málaga,TRUE,1
Texas A&M University - OAKTRUST,TRUE,1
Justus-Liebig-Universität Gießen - University writing server of the Justus Liebig University Giessen,FALSE,1
De Montfort University - DMU Open Research Archive,TRUE,1
University of Potsdam - publish.UP,TRUE,1
Le Centre pour la Communication Scientifique Directe - HAL - TeLearn,TRUE,1
Universitätsbibliothek der Universität f Bodenkultur Wien - BOK:ePub,TRUE,1
Manchester Metropolitan University - e-space,TRUE,1
Ludwig Maximilian University of Munich - Munich Personal RePEc Archive,TRUE,1
Ulster University - Ulster University Research Portal,TRUE,1
National Repository of Grey Literature - Digital Repository,FALSE,1
Södertörn University - Södertörns högskolas,TRUE,1
Université Laval - Corpus Université Laval,FALSE,1
Wichita State University - Holmes Museum Of Anthropology,FALSE,1
University of Cape Town - Open University of Cape Town,FALSE,1
Université Laval - CorpusUL,FALSE,1
University of Pittsburgh - Revista Iberoamericana,FALSE,1
University of Southampton - CNR SOLAR (Scientific Open-access Literature Archive and Repository),FALSE,1
New York University - The Faculty Digital Archive,FALSE,1
Heidelberg University - heiDOK - The Heidelberg Document Repository,TRUE,1
infoscience.epfl.ch,TRUE,1
Austrian Academy of Sciences - Austrian Biographical Dictionary,FALSE,1
University of Cumbria - Insight,TRUE,1
Deakin University - Deakin Research Online,TRUE,1
University of Maryland - University Libraries,FALSE,1
Universite de Bordeaux - Oskar-Bordeaux,TRUE,1
Universidad De Navarra - Deposito Academico Digital Universidad De Navarra,TRUE,1
Uniwersytetu Adama Mickiewicza - Pressto,FALSE,1
IHS Vienna - Institutional Repository,FALSE,1
University of Illinois at Urbana-Champaign - Illinois Digital Environment for Access to Learning and Scholarship,TRUE,1
Consiglio Nazionale delle Ricerche - CNR Solar (Scientific Open-access Literature Archive and Repository),FALSE,1
"University College Cork, Ireland - Cork Open Research Archive",FALSE,1
Syracuse University - Syracuse University Libraries,FALSE,1
OSF Preprints - PaleoRxiv,TRUE,1
Robert Gordon University - Open Access Institutional Repository at Robert Gordon University,FALSE,1
The University of Rhode Island - DigitalCommons @ The University of Rhode Island,FALSE,1
Joint Attosecond Laboratory - Attosecond Science Publications,FALSE,1
The University of Kansas - KU ScholarWorks,TRUE,1
"University of Newcastle, Australia - NOVA",FALSE,1
SOAS University of London - SOAS Research Online,TRUE,1
