data_source_id,subjects
opendoar____::6f4922f45568161a8cdf4ad2299f6d23,Biology and Biochemistry
opendoar____::6f4922f45568161a8cdf4ad2299f6d23,Mathematics and Statistics
opendoar____::6f4922f45568161a8cdf4ad2299f6d23,Physics and Astronomy
opendoar____::6f4922f45568161a8cdf4ad2299f6d23,Computers and IT
openaire____::55045bd2a65019fd8e6741a755395c8c,{NULL}
driver______::4dc196be332447baf11e431bd838e81c,{NULL}
opendoar____::358aee4cc897452c00244351e4d91f69,Multidisciplinary
opendoar____::8bdb5058376143fa358981954e7626b8,Science General
opendoar____::8bdb5058376143fa358981954e7626b8,Mathematics and Statistics
opendoar____::8bdb5058376143fa358981954e7626b8,Computers and IT
opendoar____::8bdb5058376143fa358981954e7626b8,Arts and Humanities General
opendoar____::8bdb5058376143fa358981954e7626b8,Philosophy and Religion
opendoar____::8bdb5058376143fa358981954e7626b8,Business and Economics
opendoar____::8bdb5058376143fa358981954e7626b8,Law and Politics
opendoar____::8bdb5058376143fa358981954e7626b8,Library and Information Science
opendoar____::7437d136770f5b35194cb46c1653efaa,Multidisciplinary
opendoar____::e93028bdc1aacdfb3687181f2031765d,Physics and Astronomy
opendoar____::8485ae387a981d783f8764e508151cd9,"Agriculture, Food and Veterinary"
opendoar____::8485ae387a981d783f8764e508151cd9,Biology and Biochemistry
opendoar____::8485ae387a981d783f8764e508151cd9,Education
opendoar____::0e9fa1f3e9e66792401a6972d477dcc3,Multidisciplinary
opendoar____::854d6fae5ee42911677c739ee1734486,Multidisciplinary
opendoar____::1ce927f875864094e3906a4a0b5ece68,Business and Economics
opendoar____::1ce927f875864094e3906a4a0b5ece68,Management and Planning
opendoar____::8b6dd7db9af49e67306feb59a8bdc52c,Biology and Biochemistry
opendoar____::8b6dd7db9af49e67306feb59a8bdc52c,Health and Medicine
share_______::bbd802baad85d1fd440f32a7a3a2c2b1,{NULL}
opendoar____::995e1fda4a2b5f55ef0df50868bf2a8f,Multidisciplinary
opendoar____::9c3b1830513cc3b8fc4b76635d32e692,Multidisciplinary
opendoar____::069059b7ef840f0c74a814ec9237b6ec,Multidisciplinary
opendoar____::757b505cfd34c64c85ca5b5690ee5293,Multidisciplinary
opendoar____::b53b3a3d6ab90ce0268229151c9bde11,Multidisciplinary
opendoar____::a14ac55a4f27472c5d894ec1c3c743d2,Multidisciplinary
opendoar____::02522a2b2726fb0a03bb19f2d8d9524d,Biology and Biochemistry
opendoar____::02522a2b2726fb0a03bb19f2d8d9524d,Chemistry and Chemical Technology
opendoar____::02522a2b2726fb0a03bb19f2d8d9524d,Mathematics and Statistics
opendoar____::02522a2b2726fb0a03bb19f2d8d9524d,Physics and Astronomy
opendoar____::02522a2b2726fb0a03bb19f2d8d9524d,Technology General
opendoar____::02522a2b2726fb0a03bb19f2d8d9524d,Architecture
opendoar____::02522a2b2726fb0a03bb19f2d8d9524d,Civil Engineering
opendoar____::02522a2b2726fb0a03bb19f2d8d9524d,Computers and IT
opendoar____::02522a2b2726fb0a03bb19f2d8d9524d,Electrical and Electronic Engineering
opendoar____::02522a2b2726fb0a03bb19f2d8d9524d,Fine and Performing Arts
opendoar____::02522a2b2726fb0a03bb19f2d8d9524d,History and Archaeology
opendoar____::02522a2b2726fb0a03bb19f2d8d9524d,Language and Literature
opendoar____::02522a2b2726fb0a03bb19f2d8d9524d,Philosophy and Religion
opendoar____::02522a2b2726fb0a03bb19f2d8d9524d,Social Sciences General
opendoar____::02522a2b2726fb0a03bb19f2d8d9524d,Business and Economics
opendoar____::02522a2b2726fb0a03bb19f2d8d9524d,Law and Politics
opendoar____::02522a2b2726fb0a03bb19f2d8d9524d,Management and Planning
re3data_____::7b0ad08687b2c960d5aeef06f811d5e6,Humanities and Social Sciences
re3data_____::7b0ad08687b2c960d5aeef06f811d5e6,Life Sciences
re3data_____::7b0ad08687b2c960d5aeef06f811d5e6,Natural Sciences
re3data_____::7b0ad08687b2c960d5aeef06f811d5e6,Engineering Sciences
opendoar____::ffd52f3c7e12435a724a8f30fddadd9c,Multidisciplinary
opendoar____::82aa4b0af34c2313a562076992e50aa3,Multidisciplinary
opendoar____::2290a7385ed77cc5592dc2153229f082,Multidisciplinary
opendoar____::269d837afada308dd4aeab28ca2d57e4,Ecology and Environment
opendoar____::269d837afada308dd4aeab28ca2d57e4,Mathematics and Statistics
opendoar____::269d837afada308dd4aeab28ca2d57e4,Health and Medicine
opendoar____::269d837afada308dd4aeab28ca2d57e4,History and Archaeology
opendoar____::269d837afada308dd4aeab28ca2d57e4,Social Sciences General
opendoar____::38b3eff8baf56627478ec76a704e9b52,Multidisciplinary
opendoar____::f1c1592588411002af340cbaedd6fc33,Business and Economics
opendoar____::979d472a84804b9f647bc185a877a8b5,Multidisciplinary
opendoar____::9766527f2b5d3e95d4a733fcfb77bd7e,Computers and IT
opendoar____::0e01938fc48a2cfb5f2217fbfb00722d,Arts and Humanities General
opendoar____::0e01938fc48a2cfb5f2217fbfb00722d,Language and Literature
opendoar____::0e01938fc48a2cfb5f2217fbfb00722d,Social Sciences General
opendoar____::0e01938fc48a2cfb5f2217fbfb00722d,Law and Politics
opendoar____::ea159dc9788ffac311592613b7f71fbb,Multidisciplinary
opendoar____::b29eed44276144e4e8103a661f9a78b7,Multidisciplinary
re3data_____::9ff95da0ece8dc87bcc2b5cf5b1f350b,Engineering Sciences
re3data_____::9ff95da0ece8dc87bcc2b5cf5b1f350b,Natural Sciences
re3data_____::9ff95da0ece8dc87bcc2b5cf5b1f350b,Life Sciences
re3data_____::9ff95da0ece8dc87bcc2b5cf5b1f350b,Humanities and Social Sciences
opendoar____::18bb68e2b38e4a8ce7cf4f6b2625768c,Multidisciplinary
opendoar____::7e7757b1e12abcb736ab9a754ffb617a,Biology and Biochemistry
opendoar____::7e7757b1e12abcb736ab9a754ffb617a,Chemistry and Chemical Technology
opendoar____::7e7757b1e12abcb736ab9a754ffb617a,Earth and Planetary Sciences
opendoar____::7e7757b1e12abcb736ab9a754ffb617a,Ecology and Environment
opendoar____::7e7757b1e12abcb736ab9a754ffb617a,Mathematics and Statistics
opendoar____::7e7757b1e12abcb736ab9a754ffb617a,Physics and Astronomy
opendoar____::7e7757b1e12abcb736ab9a754ffb617a,Health and Medicine
opendoar____::7e7757b1e12abcb736ab9a754ffb617a,Technology General
opendoar____::7e7757b1e12abcb736ab9a754ffb617a,Computers and IT
opendoar____::7e7757b1e12abcb736ab9a754ffb617a,Fine and Performing Arts
opendoar____::7e7757b1e12abcb736ab9a754ffb617a,History and Archaeology
opendoar____::7e7757b1e12abcb736ab9a754ffb617a,Language and Literature
opendoar____::7e7757b1e12abcb736ab9a754ffb617a,Philosophy and Religion
opendoar____::7e7757b1e12abcb736ab9a754ffb617a,Social Sciences General
opendoar____::7e7757b1e12abcb736ab9a754ffb617a,Business and Economics
opendoar____::7e7757b1e12abcb736ab9a754ffb617a,Education
opendoar____::7e7757b1e12abcb736ab9a754ffb617a,Law and Politics
opendoar____::7e7757b1e12abcb736ab9a754ffb617a,Library and Information Science
opendoar____::7e7757b1e12abcb736ab9a754ffb617a,Psychology
opendoar____::1534b76d325a8f591b52d302e7181331,"{""Computers and IT"",""Library and Information Science""}"
opendoar____::0efe32849d230d7f53049ddc4a4b0c60,Multidisciplinary
opendoar____::bc6dc48b743dc5d013b1abaebd2faed2,Multidisciplinary
opendoar____::cd00692c3bfe59267d5ecfac5310286c,Multidisciplinary
opendoar____::88855547570f7ff053fff7c54e5148cc,Multidisciplinary
opendoar____::7bccfde7714a1ebadf06c5f4cea752c1,Multidisciplinary
opendoar____::1aa057313c28fa4a40c5bc084b11d276,Multidisciplinary
opendoar____::fe9fc289c3ff0af142b6d3bead98a923,Multidisciplinary
opendoar____::fe9fc289c3ff0af142b6d3bead98a923,Health and Medicine
opendoar____::fe9fc289c3ff0af142b6d3bead98a923,Business and Economics
opendoar____::fe9fc289c3ff0af142b6d3bead98a923,Law and Politics
re3data_____::8ac60f4c88018b79a528ceb336266c6b,Engineering Sciences
re3data_____::8ac60f4c88018b79a528ceb336266c6b,Materials Science and Engineering
re3data_____::8ac60f4c88018b79a528ceb336266c6b,"Computer Science, Electrical and System Engineering"
re3data_____::8ac60f4c88018b79a528ceb336266c6b,Construction Engineering and Architecture
re3data_____::8ac60f4c88018b79a528ceb336266c6b,Chemistry
re3data_____::8ac60f4c88018b79a528ceb336266c6b,Physics
re3data_____::8ac60f4c88018b79a528ceb336266c6b,Mathematics
re3data_____::8ac60f4c88018b79a528ceb336266c6b,Geosciences (including Geography)
re3data_____::8ac60f4c88018b79a528ceb336266c6b,Life Sciences
re3data_____::8ac60f4c88018b79a528ceb336266c6b,Biology
re3data_____::8ac60f4c88018b79a528ceb336266c6b,Medicine
re3data_____::8ac60f4c88018b79a528ceb336266c6b,"Agriculture, Forestry, Horticulture and Veterinary Medicine"
re3data_____::8ac60f4c88018b79a528ceb336266c6b,Humanities and Social Sciences
re3data_____::8ac60f4c88018b79a528ceb336266c6b,Social and Behavioural Sciences
re3data_____::8ac60f4c88018b79a528ceb336266c6b,Economics
re3data_____::8ac60f4c88018b79a528ceb336266c6b,Natural Sciences
openaire____::fdb035c8b3e0540a8d9a561a6c44f4de,{NULL}
opendoar____::c9f95a0a5af052bffce5c89917335f67,Multidisciplinary
opendoar____::c9f95a0a5af052bffce5c89917335f67,Science General
opendoar____::c9f95a0a5af052bffce5c89917335f67,"Agriculture, Food and Veterinary"
opendoar____::c9f95a0a5af052bffce5c89917335f67,Biology and Biochemistry
opendoar____::c9f95a0a5af052bffce5c89917335f67,Chemistry and Chemical Technology
opendoar____::c9f95a0a5af052bffce5c89917335f67,Ecology and Environment
opendoar____::c9f95a0a5af052bffce5c89917335f67,Physics and Astronomy
opendoar____::c9f95a0a5af052bffce5c89917335f67,Mechanical Engineering and Materials
opendoar____::c9f95a0a5af052bffce5c89917335f67,Arts and Humanities General
opendoar____::c9f95a0a5af052bffce5c89917335f67,Social Sciences General
opendoar____::3a066bda8c96b9478bb0512f0a43028c,Biology and Biochemistry
opendoar____::3a066bda8c96b9478bb0512f0a43028c,Chemistry and Chemical Technology
opendoar____::3a066bda8c96b9478bb0512f0a43028c,Ecology and Environment
opendoar____::3a066bda8c96b9478bb0512f0a43028c,Mathematics and Statistics
opendoar____::3a066bda8c96b9478bb0512f0a43028c,Physics and Astronomy
opendoar____::3a066bda8c96b9478bb0512f0a43028c,Health and Medicine
opendoar____::3a066bda8c96b9478bb0512f0a43028c,Technology General
opendoar____::3a066bda8c96b9478bb0512f0a43028c,Business and Economics
opendoar____::3a066bda8c96b9478bb0512f0a43028c,Management and Planning
opendoar____::af5d5ef24881f3c3049a7b9bfe74d58b,Multidisciplinary
opendoar____::01386bd6d8e091c2ab4c7c7de644d37b,Multidisciplinary
opendoar____::8f19793b2671094e63a15ab883d50137,Multidisciplinary
opendoar____::2723d092b63885e0d7c260cc007e8b9d,Multidisciplinary
opendoar____::acf06cdd9c744f969958e1f085554c8b,Multidisciplinary
opendoar____::71560ce98c8250ce57a6a970c9991a5f,Multidisciplinary
opendoar____::c9892a989183de32e976c6f04e700201,Multidisciplinary
opendoar____::4ad13f04ef4373992c9d3046200aa350,Multidisciplinary
opendoar____::48aedb8880cab8c45637abc7493ecddd,Science General
opendoar____::48aedb8880cab8c45637abc7493ecddd,Technology General
opendoar____::5fef3eff51dc719c4a9f565a742d78f2,Multidisciplinary
opendoar____::b9d487a30398d42ecff55c228ed5652b,Physics and Astronomy
opendoar____::958adb57686c2fdec5796398de5f317a,Multidisciplinary
opendoar____::6a5889bb0190d0211a991f47bb19a777,Multidisciplinary
opendoar____::cb8da6767461f2812ae4290eac7cbc42,Multidisciplinary
opendoar____::26505e0494662534f633586941b77d0c,Multidisciplinary
opendoar____::06a81a4fb98d149f2d31c68828fa6eb2,Multidisciplinary
opendoar____::3a029f04d76d32e79367c4b3255dda4d,Multidisciplinary
opendoar____::72007983849f4fcb0ad565439834756b,Multidisciplinary
opendoar____::52720e003547c70561bf5e03b95aa99f,Multidisciplinary
opendoar____::29c0c0ee223856f336d7ea8052057753,Multidisciplinary
opendoar____::7eabe3a1649ffa2b3ff8c02ebfd5659f,Science General
opendoar____::7eabe3a1649ffa2b3ff8c02ebfd5659f,Mathematics and Statistics
opendoar____::7eabe3a1649ffa2b3ff8c02ebfd5659f,Health and Medicine
opendoar____::7eabe3a1649ffa2b3ff8c02ebfd5659f,Computers and IT
opendoar____::7eabe3a1649ffa2b3ff8c02ebfd5659f,History and Archaeology
opendoar____::7eabe3a1649ffa2b3ff8c02ebfd5659f,Philosophy and Religion
opendoar____::7eabe3a1649ffa2b3ff8c02ebfd5659f,Social Sciences General
opendoar____::7eabe3a1649ffa2b3ff8c02ebfd5659f,Business and Economics
opendoar____::7eabe3a1649ffa2b3ff8c02ebfd5659f,Law and Politics
opendoar____::7eabe3a1649ffa2b3ff8c02ebfd5659f,Psychology
opendoar____::fe73f687e5bc5280214e0486b273a5f9,Multidisciplinary
opendoar____::512fc3c5227f637e41437c999a2d3169,Multidisciplinary
opendoar____::d9731321ef4e063ebbee79298fa36f56,Health and Medicine
opendoar____::0c74b7f78409a4022a2c4c5a5ca3ee19,Multidisciplinary
opendoar____::c5866e93cab1776890fe343c9e7063fb,Multidisciplinary
share_______::598e3a1a3ada06e983f0e3040b6693d6,{NULL}
opendoar____::8a1ee9f2b7abe6e88d1a479ab6a42c5e,Multidisciplinary
opendoar____::97275a23ca44226c9964043c8462be96,Multidisciplinary
opendoar____::fd9dcf1d146272bb05c490d790b6da52,"Agriculture, Food and Veterinary"
opendoar____::fd9dcf1d146272bb05c490d790b6da52,Mathematics and Statistics
opendoar____::fd9dcf1d146272bb05c490d790b6da52,Health and Medicine
opendoar____::fd9dcf1d146272bb05c490d790b6da52,Technology General
opendoar____::fd9dcf1d146272bb05c490d790b6da52,Arts and Humanities General
opendoar____::fd9dcf1d146272bb05c490d790b6da52,Social Sciences General
openaire____::0a836ef43dcb67bb7cbd4dd509b11b73,{NULL}
opendoar____::8f14e45fceea167a5a36dedd4bea2543,Biology and Biochemistry
opendoar____::8f14e45fceea167a5a36dedd4bea2543,Ecology and Environment
opendoar____::8f14e45fceea167a5a36dedd4bea2543,Geography and Regional Studies
opendoar____::1d94108e907bb8311d8802b48fd54b4a,Multidisciplinary
opendoar____::b994697479c5716eda77e8e9713e5f0f,Multidisciplinary
openaire____::d76e4d42b3bd658259e8bf9c37ef448f,{NULL}
opendoar____::f12f2b34a0c3174269c19e21c07dee68,Multidisciplinary
opendoar____::07c5807d0d927dcd0980f86024e5208b,Multidisciplinary
opendoar____::74563ba21a90da13dacf2a73e3ddefa7,Multidisciplinary
opendoar____::faa453efde4ac6a36849ba381feb9e87,Computers and IT
opendoar____::ae614c557843b1df326cb29c57225459,Multidisciplinary
opendoar____::186a157b2992e7daed3677ce8e9fe40f,Multidisciplinary
opendoar____::7a614fd06c325499f1680b9896beedeb,Multidisciplinary
opendoar____::a22d33b4a00c165507a61f3bed4b5149,Multidisciplinary
opendoar____::030e65da2b1c944090548d36b244b28d,Science General
opendoar____::030e65da2b1c944090548d36b244b28d,Health and Medicine
opendoar____::030e65da2b1c944090548d36b244b28d,Arts and Humanities General
opendoar____::030e65da2b1c944090548d36b244b28d,Philosophy and Religion
opendoar____::030e65da2b1c944090548d36b244b28d,Social Sciences General
opendoar____::030e65da2b1c944090548d36b244b28d,Law and Politics
opendoar____::1cfead9959b76ce44a847c850b61c587,Multidisciplinary
opendoar____::5dec707028b05bcbd3a1db5640f842c5,Computers and IT
opendoar____::5dec707028b05bcbd3a1db5640f842c5,Business and Economics
opendoar____::5dec707028b05bcbd3a1db5640f842c5,Education
opendoar____::5dec707028b05bcbd3a1db5640f842c5,Law and Politics
opendoar____::5dec707028b05bcbd3a1db5640f842c5,Management and Planning
opendoar____::fb2606a5068901da92473666256e6e5b,Multidisciplinary
opendoar____::fe709c654eac84d5239d1a12a4f71877,Multidisciplinary
opendoar____::f095cedd23b99f1696fc8caecbcf257e,Multidisciplinary
opendoar____::d8c24ca8f23c562a5600876ca2a550ce,Multidisciplinary
opendoar____::64c53a52cb3bd1a01c03a64db985c0cc,Multidisciplinary
opendoar____::0233f3bb964cf325a30f8b1c2ed2da93,Multidisciplinary
opendoar____::654ad60ebd1ae29cedc37da04b6b0672,Multidisciplinary
opendoar____::99c5e07b4d5de9d18c350cdf64c5aa3d,Science General
opendoar____::99c5e07b4d5de9d18c350cdf64c5aa3d,Technology General
opendoar____::eecca5b6365d9607ee5a9d336962c534,Multidisciplinary
opendoar____::eecca5b6365d9607ee5a9d336962c534,Biology and Biochemistry
opendoar____::eecca5b6365d9607ee5a9d336962c534,Chemistry and Chemical Technology
opendoar____::eecca5b6365d9607ee5a9d336962c534,Ecology and Environment
opendoar____::eecca5b6365d9607ee5a9d336962c534,Physics and Astronomy
opendoar____::eecca5b6365d9607ee5a9d336962c534,Technology General
opendoar____::eecca5b6365d9607ee5a9d336962c534,Architecture
opendoar____::eecca5b6365d9607ee5a9d336962c534,Civil Engineering
opendoar____::eecca5b6365d9607ee5a9d336962c534,Computers and IT
opendoar____::eecca5b6365d9607ee5a9d336962c534,Mechanical Engineering and Materials
opendoar____::eecca5b6365d9607ee5a9d336962c534,Geography and Regional Studies
re3data_____::51a19e69abb62c7bd37ac677f35869ca,Humanities and Social Sciences
re3data_____::51a19e69abb62c7bd37ac677f35869ca,Jurisprudence
re3data_____::51a19e69abb62c7bd37ac677f35869ca,Social and Behavioural Sciences
opendoar____::8ce5d989374d216a867cdc8871484b43,Law and Politics
opendoar____::147702db07145348245dc5a2f2fe5683,Multidisciplinary
opendoar____::96da2f590cd7246bbde0051047b0d6f7,Biology and Biochemistry
opendoar____::96da2f590cd7246bbde0051047b0d6f7,Ecology and Environment
opendoar____::96da2f590cd7246bbde0051047b0d6f7,Mathematics and Statistics
opendoar____::96da2f590cd7246bbde0051047b0d6f7,Architecture
opendoar____::96da2f590cd7246bbde0051047b0d6f7,Fine and Performing Arts
opendoar____::96da2f590cd7246bbde0051047b0d6f7,Geography and Regional Studies
opendoar____::96da2f590cd7246bbde0051047b0d6f7,History and Archaeology
opendoar____::96da2f590cd7246bbde0051047b0d6f7,Language and Literature
opendoar____::96da2f590cd7246bbde0051047b0d6f7,Philosophy and Religion
opendoar____::96da2f590cd7246bbde0051047b0d6f7,Social Sciences General
opendoar____::96da2f590cd7246bbde0051047b0d6f7,Business and Economics
opendoar____::96da2f590cd7246bbde0051047b0d6f7,Education
opendoar____::96da2f590cd7246bbde0051047b0d6f7,Law and Politics
opendoar____::96da2f590cd7246bbde0051047b0d6f7,Library and Information Science
opendoar____::96da2f590cd7246bbde0051047b0d6f7,Management and Planning
opendoar____::96da2f590cd7246bbde0051047b0d6f7,Psychology
opendoar____::2cad8fa47bbef282badbb8de5374b894,Biology and Biochemistry
opendoar____::2cad8fa47bbef282badbb8de5374b894,Chemistry and Chemical Technology
opendoar____::966b6dfb6b0819cc10644bea3115cf20,Science General
opendoar____::966b6dfb6b0819cc10644bea3115cf20,Technology General
opendoar____::758874998f5bd0c393da094e1967a72b,Multidisciplinary
opendoar____::846c260d715e5b854ffad5f70a516c88,Multidisciplinary
opendoar____::dc727151e5d55dde1e950767cf861ca5,Multidisciplinary
opendoar____::7ec3b3cf674f4f1d23e9d30c89426cce,Multidisciplinary
opendoar____::84f0f20482cde7e5eacaf7364a643d33,Multidisciplinary
opendoar____::17326d10d511828f6b34fa6d751739e2,Multidisciplinary
opendoar____::9fdb62f932adf55af2c0e09e55861964,Multidisciplinary
opendoar____::34173cb38f07f89ddbebc2ac9128303f,Multidisciplinary
opendoar____::99f59c0842e83c808dd1813b48a37c6a,Biology and Biochemistry
opendoar____::99f59c0842e83c808dd1813b48a37c6a,Chemistry and Chemical Technology
opendoar____::99f59c0842e83c808dd1813b48a37c6a,Earth and Planetary Sciences
opendoar____::99f59c0842e83c808dd1813b48a37c6a,Ecology and Environment
opendoar____::99f59c0842e83c808dd1813b48a37c6a,Physics and Astronomy
opendoar____::6917ff2a7b53421ff4066020e2d89eec,Multidisciplinary
opendoar____::fba9d88164f3e2d9109ee770223212a0,Science General
opendoar____::fba9d88164f3e2d9109ee770223212a0,Computers and IT
opendoar____::fba9d88164f3e2d9109ee770223212a0,History and Archaeology
opendoar____::89fcd07f20b6785b92134bd6c1d0fa42,Multidisciplinary
opendoar____::2d2c8394e31101a261abf1784302bf75,Multidisciplinary
opendoar____::53c6de78244e9f528eb3e1cda69699bb,Multidisciplinary
re3data_____::e9ccec69196dfd1b2247ef8f8d2c5919,Humanities and Social Sciences
re3data_____::e9ccec69196dfd1b2247ef8f8d2c5919,Life Sciences
re3data_____::e9ccec69196dfd1b2247ef8f8d2c5919,Natural Sciences
re3data_____::e9ccec69196dfd1b2247ef8f8d2c5919,Engineering Sciences
re3data_____::e9ccec69196dfd1b2247ef8f8d2c5919,Social and Behavioural Sciences
re3data_____::e9ccec69196dfd1b2247ef8f8d2c5919,Economics
re3data_____::e9ccec69196dfd1b2247ef8f8d2c5919,Biology
re3data_____::e9ccec69196dfd1b2247ef8f8d2c5919,Medicine
re3data_____::e9ccec69196dfd1b2247ef8f8d2c5919,"Microbiology, Virology and Immunology"
re3data_____::e9ccec69196dfd1b2247ef8f8d2c5919,"Agriculture, Forestry, Horticulture and Veterinary Medicine"
re3data_____::e9ccec69196dfd1b2247ef8f8d2c5919,Chemistry
re3data_____::e9ccec69196dfd1b2247ef8f8d2c5919,Physics
re3data_____::e9ccec69196dfd1b2247ef8f8d2c5919,Geosciences (including Geography)
re3data_____::e9ccec69196dfd1b2247ef8f8d2c5919,"Computer Science, Electrical and System Engineering"
opendoar____::9cfdf10e8fc047a44b08ed031e1f0ed1,Multidisciplinary
opendoar____::3210ddbeaa16948a702b6049b8d9a202,Multidisciplinary
opendoar____::f47d0ad31c4c49061b9e505593e3db98,Multidisciplinary
opendoar____::56c51a39a7c77d8084838cc920585bd0,Multidisciplinary
opendoar____::01f78be6f7cad02658508fe4616098a9,Multidisciplinary
opendoar____::01f78be6f7cad02658508fe4616098a9,Arts and Humanities General
opendoar____::01f78be6f7cad02658508fe4616098a9,Philosophy and Religion
opendoar____::01f78be6f7cad02658508fe4616098a9,Social Sciences General
opendoar____::01f78be6f7cad02658508fe4616098a9,Business and Economics
opendoar____::01f78be6f7cad02658508fe4616098a9,Law and Politics
opendoar____::01f78be6f7cad02658508fe4616098a9,Psychology
opendoar____::b1a59b315fc9a3002ce38bbe070ec3f5,Multidisciplinary
opendoar____::a5771bce93e200c36f7cd9dfd0e5deaa,Multidisciplinary
re3data_____::730f562f9efe8a3b3742d2da510d4335,Humanities and Social Sciences
re3data_____::730f562f9efe8a3b3742d2da510d4335,Life Sciences
re3data_____::730f562f9efe8a3b3742d2da510d4335,Natural Sciences
re3data_____::730f562f9efe8a3b3742d2da510d4335,Engineering Sciences
opendoar____::89f0fd5c927d466d6ec9a21b9ac34ffa,Multidisciplinary
opendoar____::87ae6fb631f7c8a627e8e28785d9992d,Multidisciplinary
opendoar____::65b9eea6e1cc6bb9f0cd2a47751a186f,Multidisciplinary
opendoar____::460b491b917d4185ed1f5be97229721a,Multidisciplinary
openaire____::f19d2f12ac82ff06994dd8efb73a2178,{NULL}
opendoar____::5e9f92a01c986bafcabbafd145520b13,Business and Economics
share_______::07ed065a60d03797ff1b02514685a0c0,{NULL}
openaire____::c2e8198ce137dc8d1a11eafa1ab30bbf,{NULL}
driver______::3d9e79b22f9d9463a39c3654b873d76b,{NULL}
opendoar____::ebd9629fc3ae5e9f6611e2ee05a31cef,Multidisciplinary
opendoar____::8e2cfdc275761edc592f73a076197c33,Multidisciplinary
opendoar____::459a4ddcb586f24efd9395aa7662bc7c,Multidisciplinary
opendoar____::566a9968b43628588e76be5a85a0f9e8,Multidisciplinary
re3data_____::7980778c78fb4cf0fab13ce2159030dc,Humanities and Social Sciences
re3data_____::7980778c78fb4cf0fab13ce2159030dc,Life Sciences
re3data_____::7980778c78fb4cf0fab13ce2159030dc,Natural Sciences
re3data_____::7980778c78fb4cf0fab13ce2159030dc,Engineering Sciences
opendoar____::4b86abe48d358ecf194c56c69108433e,Multidisciplinary
opendoar____::ac1ad983e08ad3304a97e147f522747e,Biology and Biochemistry
opendoar____::ac1ad983e08ad3304a97e147f522747e,Chemistry and Chemical Technology
opendoar____::ac1ad983e08ad3304a97e147f522747e,Ecology and Environment
opendoar____::ac1ad983e08ad3304a97e147f522747e,Mathematics and Statistics
opendoar____::ac1ad983e08ad3304a97e147f522747e,Physics and Astronomy
opendoar____::ac1ad983e08ad3304a97e147f522747e,Computers and IT
opendoar____::ac1ad983e08ad3304a97e147f522747e,Electrical and Electronic Engineering
opendoar____::ac1ad983e08ad3304a97e147f522747e,Mechanical Engineering and Materials
opendoar____::ac1ad983e08ad3304a97e147f522747e,Business and Economics
opendoar____::0d8080853a54f8985276b0130266a657,Multidisciplinary
opendoar____::76cf99d3614e23eabab16fb27e944bf9,Multidisciplinary
openaire____::df45502607927471ecf8a6ae83683ff5,{NULL}
opendoar____::229754d7799160502a143a72f6789927,Multidisciplinary
opendoar____::56db57b4db0a6fcb7f9e0c0b504f6472,Multidisciplinary
opendoar____::1ea97de85eb634d580161c603422437f,Multidisciplinary
opendoar____::e1228be46de6a0234ac22ded31417bc7,Multidisciplinary
opendoar____::f0dd4a99fba6075a9494772b58f95280,Multidisciplinary
opendoar____::0ae1dd3954ee840075de1395771b6c9c,Multidisciplinary
opendoar____::a4f23670e1833f3fdb077ca70bbd5d66,Multidisciplinary
opendoar____::52c409f1571f500e28f490a302a12540,Multidisciplinary
opendoar____::8dd48d6a2e2cad213179a3992c0be53c,Multidisciplinary
opendoar____::4c22bd444899d3b6047a10b20a2f26db,Multidisciplinary
opendoar____::2cbca44843a864533ec05b321ae1f9d1,Multidisciplinary
opendoar____::df7f28ac89ca37bf1abd2f6c184fe1cf,Science General
opendoar____::df7f28ac89ca37bf1abd2f6c184fe1cf,Technology General
opendoar____::1bd4b29a8e0afccd9923fe29cecb4b29,Multidisciplinary
opendoar____::1c9ac0159c94d8d0cbedc973445af2da,Earth and Planetary Sciences
opendoar____::1c9ac0159c94d8d0cbedc973445af2da,Technology General
opendoar____::1c9ac0159c94d8d0cbedc973445af2da,Geography and Regional Studies
opendoar____::00ac8ed3b4327bdd4ebbebcb2ba10a00,Science General
opendoar____::00ac8ed3b4327bdd4ebbebcb2ba10a00,Technology General
opendoar____::a0833c8a1817526ac555f8d67727caf6,Multidisciplinary
opendoar____::fc490ca45c00b1249bbe3554a4fdf6fb,Physics and Astronomy
opendoar____::fc490ca45c00b1249bbe3554a4fdf6fb,Computers and IT
opendoar____::fc490ca45c00b1249bbe3554a4fdf6fb,Electrical and Electronic Engineering
opendoar____::30f8f6b940d1073d8b6a5eebc46dd6e5,{Multidisciplinary}
opendoar____::7d571e5c15bad5ef8c4352ce7a1d9e78,Multidisciplinary
opendoar____::084a8a9aa8cced9175bd07bc44998e75,Health and Medicine
opendoar____::084a8a9aa8cced9175bd07bc44998e75,Psychology
openaire____::8fc45174756b8d6bb1cfbd82c5e63a4e,{NULL}
opendoar____::2ac2406e835bd49c70469acae337d292,{Multidisciplinary}
opendoar____::a03fa30821986dff10fc66647c84c9c3,Multidisciplinary
opendoar____::addfa9b7e234254d26e9c7f2af1005cb,Science General
opendoar____::addfa9b7e234254d26e9c7f2af1005cb,Health and Medicine
opendoar____::addfa9b7e234254d26e9c7f2af1005cb,Philosophy and Religion
opendoar____::addfa9b7e234254d26e9c7f2af1005cb,Business and Economics
opendoar____::addfa9b7e234254d26e9c7f2af1005cb,Law and Politics
opendoar____::477b02d99dd6c00c5ba852bb9a9e1f6c,Multidisciplinary
opendoar____::373e4c5d8edfa8b74fd4b6791d0cf6dc,Multidisciplinary
opendoar____::792c7b5aae4a79e78aaeda80516ae2ac,Multidisciplinary
share_______::96882fe399475578c855366a5b5ebac0,{NULL}
opendoar____::06eb61b839a0cefee4967c67ccb099dc,Multidisciplinary
opendoar____::2b346a0aa375a07f5a90a344a61416c4,Multidisciplinary
opendoar____::07845cd9aefa6cde3f8926d25138a3a2,Multidisciplinary
opendoar____::4607f7fff0dce694258e1c637512aa9d,Multidisciplinary
openaire____::fffd45256148b1de3114788f21179083,{NULL}
opendoar____::f2d887e01a80e813d9080038decbbabb,Multidisciplinary
opendoar____::310cc7ca5a76a446f85c1a0d641ba96d,Multidisciplinary
opendoar____::0b0b0994d12ad343511adfbfc364256e,Multidisciplinary
opendoar____::761c7920f470038d4c8a619c79eddd62,Science General
opendoar____::761c7920f470038d4c8a619c79eddd62,Mathematics and Statistics
opendoar____::761c7920f470038d4c8a619c79eddd62,Arts and Humanities General
opendoar____::761c7920f470038d4c8a619c79eddd62,Language and Literature
opendoar____::761c7920f470038d4c8a619c79eddd62,Social Sciences General
opendoar____::761c7920f470038d4c8a619c79eddd62,Business and Economics
opendoar____::761c7920f470038d4c8a619c79eddd62,Law and Politics
opendoar____::761c7920f470038d4c8a619c79eddd62,Library and Information Science
opendoar____::bf499a12e998d178afd964adf64a60cb,Multidisciplinary
opendoar____::cb16b8498f74ba6b6a6873518624168c,Multidisciplinary
opendoar____::59f51fd6937412b7e56ded1ea2470c25,Multidisciplinary
opendoar____::351b33587c5fdd93bd42ef7ac9995a28,Multidisciplinary
opendoar____::8c19f571e251e61cb8dd3612f26d5ecf,Multidisciplinary
opendoar____::1c67df9e0a5cfefa030b853983324004,Multidisciplinary
opendoar____::86a1793f65aeef4aeef4b479fc9b2bca,Multidisciplinary
opendoar____::2a38a4a9316c49e5a833517c45d31070,Multidisciplinary
opendoar____::e98741479a7b998f88b8f8c9f0b6b6f1,Multidisciplinary
opendoar____::02b1be0d48924c327124732726097157,Multidisciplinary
opendoar____::f95ec3de395b4bce25b39ef6138da871,Mathematics and Statistics
opendoar____::f95ec3de395b4bce25b39ef6138da871,Physics and Astronomy
opendoar____::f95ec3de395b4bce25b39ef6138da871,Computers and IT
opendoar____::385822e359afa26d52b5b286226f2cea,Multidisciplinary
opendoar____::8a1e808b55fde9455cb3d8857ed88389,Multidisciplinary
opendoar____::0f9cafd014db7a619ddb4276af0d692c,Arts and Humanities General
opendoar____::0f9cafd014db7a619ddb4276af0d692c,Biology and Biochemistry
opendoar____::0f9cafd014db7a619ddb4276af0d692c,Chemistry and Chemical Technology
opendoar____::0f9cafd014db7a619ddb4276af0d692c,Ecology and Environment
opendoar____::0f9cafd014db7a619ddb4276af0d692c,Mathematics and Statistics
opendoar____::0f9cafd014db7a619ddb4276af0d692c,Physics and Astronomy
opendoar____::0f9cafd014db7a619ddb4276af0d692c,Social Sciences General
opendoar____::0f9cafd014db7a619ddb4276af0d692c,Business and Economics
opendoar____::0f9cafd014db7a619ddb4276af0d692c,Computers and IT
opendoar____::47810f956e3d8fb8a32fb276448b464d,Multidisciplinary
opendoar____::e52ad5c9f751f599492b4f087ed7ecfc,Multidisciplinary
opendoar____::5505712229fb1eb500efadddc0353264,Multidisciplinary
opendoar____::dc6e224a8d74ce03bf301152d6e33e97,Multidisciplinary
re3data_____::0394b97eb11f19785cbca1ec830429da,Humanities and Social Sciences
re3data_____::0394b97eb11f19785cbca1ec830429da,Social Sciences
re3data_____::0394b97eb11f19785cbca1ec830429da,Social and Behavioural Sciences
opendoar____::7e8d7e5ccbddfd9576be61e3ab86aa73,Multidisciplinary
opendoar____::b710915795b9e9c02cf10d6d2bdb688c,Multidisciplinary
opendoar____::b710915795b9e9c02cf10d6d2bdb688c,"Agriculture, Food and Veterinary"
re3data_____::84e123776089ce3c7a33db98d9cd15a8,Life Sciences
re3data_____::84e123776089ce3c7a33db98d9cd15a8,Economics
re3data_____::84e123776089ce3c7a33db98d9cd15a8,Natural Sciences
re3data_____::84e123776089ce3c7a33db98d9cd15a8,Humanities and Social Sciences
re3data_____::84e123776089ce3c7a33db98d9cd15a8,Humanities
re3data_____::84e123776089ce3c7a33db98d9cd15a8,Geosciences (including Geography)
re3data_____::84e123776089ce3c7a33db98d9cd15a8,Social and Behavioural Sciences
re3data_____::84e123776089ce3c7a33db98d9cd15a8,Ancient Cultures
re3data_____::84e123776089ce3c7a33db98d9cd15a8,History
opendoar____::d6baf65e0b240ce177cf70da146c8dc8,Multidisciplinary
opendoar____::f7664060cc52bc6f3d620bcedc94a4b6,Multidisciplinary
opendoar____::76dc611d6ebaafc66cc0879c71b5db5c,Multidisciplinary
opendoar____::84d9ee44e457ddef7f2c4f25dc8fa865,Multidisciplinary
opendoar____::fc79250f8c5b804390e8da280b4cf06e,Biology and Biochemistry
opendoar____::fc79250f8c5b804390e8da280b4cf06e,Fine and Performing Arts
opendoar____::fc79250f8c5b804390e8da280b4cf06e,History and Archaeology
opendoar____::fc79250f8c5b804390e8da280b4cf06e,Psychology
opendoar____::d2ed45a52bc0edfa11c2064e9edee8bf,Science General
opendoar____::d2ed45a52bc0edfa11c2064e9edee8bf,Health and Medicine
opendoar____::d2ed45a52bc0edfa11c2064e9edee8bf,Social Sciences General
opendoar____::17693c91d9204b7a7646284bb3adb603,Science General
opendoar____::17693c91d9204b7a7646284bb3adb603,Chemistry and Chemical Technology
opendoar____::17693c91d9204b7a7646284bb3adb603,Ecology and Environment
opendoar____::17693c91d9204b7a7646284bb3adb603,Mathematics and Statistics
opendoar____::17693c91d9204b7a7646284bb3adb603,Physics and Astronomy
opendoar____::17693c91d9204b7a7646284bb3adb603,Computers and IT
opendoar____::17693c91d9204b7a7646284bb3adb603,Electrical and Electronic Engineering
opendoar____::17693c91d9204b7a7646284bb3adb603,Mechanical Engineering and Materials
opendoar____::17693c91d9204b7a7646284bb3adb603,Arts and Humanities General
opendoar____::17693c91d9204b7a7646284bb3adb603,Social Sciences General
opendoar____::17693c91d9204b7a7646284bb3adb603,Business and Economics
opendoar____::17693c91d9204b7a7646284bb3adb603,Psychology
opendoar____::a0443c8c8c3372d662e9173c18faaa2c,Multidisciplinary
opendoar____::8d9a0adb7c204239c9635426f35c9522,Multidisciplinary
opendoar____::b67fb3360ae5597d85a005153451dd4e,Multidisciplinary
opendoar____::e94f63f579e05cb49c05c2d050ead9c0,Multidisciplinary
opendoar____::18ad9899f3f21a5a1583584d5f11c0c0,Multidisciplinary
opendoar____::892c91e0a653ba19df81a90f89d99bcd,Multidisciplinary
opendoar____::f816dc0acface7498e10496222e9db10,Multidisciplinary
opendoar____::c2c2a04512b35d13102459f8784f1a2d,Science General
opendoar____::c2c2a04512b35d13102459f8784f1a2d,"Agriculture, Food and Veterinary"
opendoar____::c2c2a04512b35d13102459f8784f1a2d,Health and Medicine
opendoar____::c2c2a04512b35d13102459f8784f1a2d,Philosophy and Religion
opendoar____::c2c2a04512b35d13102459f8784f1a2d,Social Sciences General
opendoar____::c2c2a04512b35d13102459f8784f1a2d,Business and Economics
opendoar____::e17184bcb70dcf3942c54e0b537ffc6d,Multidisciplinary
opendoar____::8c3039bd5842dca3d944faab91447818,Multidisciplinary
opendoar____::9308b0d6e5898366a4a986bc33f3d3e7,Multidisciplinary
opendoar____::9de6d14fff9806d4bcd1ef555be766cd,Multidisciplinary
opendoar____::d86ea612dec96096c5e0fcc8dd42ab6d,Multidisciplinary
opendoar____::f35fd567065af297ae65b621e0a21ae9,Multidisciplinary
opendoar____::30a237d18c50f563cba4531f1db44acf,Multidisciplinary
opendoar____::905056c1ac1dad141560467e0a99e1cf,Multidisciplinary
opendoar____::92426b262d11b0ade77387cf8416e153,Biology and Biochemistry
opendoar____::92426b262d11b0ade77387cf8416e153,Chemistry and Chemical Technology
opendoar____::92426b262d11b0ade77387cf8416e153,Ecology and Environment
opendoar____::92426b262d11b0ade77387cf8416e153,Physics and Astronomy
opendoar____::92426b262d11b0ade77387cf8416e153,Health and Medicine
opendoar____::92426b262d11b0ade77387cf8416e153,Computers and IT
opendoar____::92426b262d11b0ade77387cf8416e153,Electrical and Electronic Engineering
opendoar____::92426b262d11b0ade77387cf8416e153,Library and Information Science
opendoar____::a58616464d14208b2677a084f5d7456f,Multidisciplinary
opendoar____::7ac71d433f282034e088473244df8c02,Multidisciplinary
opendoar____::0d352b4d3a317e3eae221199fdb49651,Multidisciplinary
opendoar____::db98dc0dbafde48e8f74c0de001d35e4,Science General
opendoar____::db98dc0dbafde48e8f74c0de001d35e4,"Agriculture, Food and Veterinary"
opendoar____::db98dc0dbafde48e8f74c0de001d35e4,Biology and Biochemistry
opendoar____::db98dc0dbafde48e8f74c0de001d35e4,Earth and Planetary Sciences
opendoar____::db98dc0dbafde48e8f74c0de001d35e4,Ecology and Environment
opendoar____::db98dc0dbafde48e8f74c0de001d35e4,Mathematics and Statistics
opendoar____::db98dc0dbafde48e8f74c0de001d35e4,Physics and Astronomy
opendoar____::db98dc0dbafde48e8f74c0de001d35e4,Health and Medicine
opendoar____::db98dc0dbafde48e8f74c0de001d35e4,Technology General
opendoar____::db98dc0dbafde48e8f74c0de001d35e4,Architecture
opendoar____::db98dc0dbafde48e8f74c0de001d35e4,Civil Engineering
opendoar____::db98dc0dbafde48e8f74c0de001d35e4,Mechanical Engineering and Materials
opendoar____::db98dc0dbafde48e8f74c0de001d35e4,Geography and Regional Studies
opendoar____::db98dc0dbafde48e8f74c0de001d35e4,History and Archaeology
opendoar____::db98dc0dbafde48e8f74c0de001d35e4,Language and Literature
opendoar____::db98dc0dbafde48e8f74c0de001d35e4,Philosophy and Religion
opendoar____::db98dc0dbafde48e8f74c0de001d35e4,Business and Economics
opendoar____::db98dc0dbafde48e8f74c0de001d35e4,Education
opendoar____::db98dc0dbafde48e8f74c0de001d35e4,Law and Politics
opendoar____::db98dc0dbafde48e8f74c0de001d35e4,Library and Information Science
opendoar____::db98dc0dbafde48e8f74c0de001d35e4,Management and Planning
opendoar____::db98dc0dbafde48e8f74c0de001d35e4,Psychology
opendoar____::97008ea27052082be055447be9e85612,Health and Medicine
opendoar____::97008ea27052082be055447be9e85612,Biology and Biochemistry
opendoar____::97008ea27052082be055447be9e85612,Chemistry and Chemical Technology
opendoar____::97008ea27052082be055447be9e85612,Mathematics and Statistics
opendoar____::97008ea27052082be055447be9e85612,Physics and Astronomy
opendoar____::b706835de79a2b4e80506f582af3676a,Earth and Planetary Sciences
opendoar____::b706835de79a2b4e80506f582af3676a,Ecology and Environment
opendoar____::b6e710870acb098e584277457ba89d68,History and Archaeology
opendoar____::b6e710870acb098e584277457ba89d68,Language and Literature
opendoar____::a724b9124acc7b5058ed75a31a9c2919,Science General
opendoar____::a724b9124acc7b5058ed75a31a9c2919,Arts and Humanities General
opendoar____::a724b9124acc7b5058ed75a31a9c2919,Philosophy and Religion
opendoar____::a724b9124acc7b5058ed75a31a9c2919,Social Sciences General
opendoar____::a724b9124acc7b5058ed75a31a9c2919,Law and Politics
opendoar____::e00da03b685a0dd18fb6a08af0923de0,Multidisciplinary
opendoar____::da8ce53cf0240070ce6c69c48cd588ee,Earth and Planetary Sciences
opendoar____::da8ce53cf0240070ce6c69c48cd588ee,Mathematics and Statistics
opendoar____::da8ce53cf0240070ce6c69c48cd588ee,Technology General
opendoar____::da8ce53cf0240070ce6c69c48cd588ee,Business and Economics
opendoar____::5e6bd7a6970cd4325e587f02667f7f73,Multidisciplinary
opendoar____::cc9657884708170e160c8372d92f3535,Earth and Planetary Sciences
opendoar____::38913e1d6a7b94cb0f55994f679f5956,Multidisciplinary
opendoar____::beed13602b9b0e6ecb5b568ff5058f07,Multidisciplinary
opendoar____::37a749d808e46495a8da1e5352d03cae,Multidisciplinary
opendoar____::da0d1111d2dc5d489242e60ebcbaf988,Multidisciplinary
opendoar____::996a7fa078cc36c46d02f9af3bef918b,Science General
opendoar____::996a7fa078cc36c46d02f9af3bef918b,Health and Medicine
opendoar____::996a7fa078cc36c46d02f9af3bef918b,Technology General
opendoar____::e1314fc026da60d837353d20aefaf054,Multidisciplinary
opendoar____::2122c699d5e3d2fa6690771845bd7904,Multidisciplinary
opendoar____::496e05e1aea0a9c4655800e8a7b9ea28,Multidisciplinary
opendoar____::f4aa0dd960521e045ae2f20621fb4ee9,"Agriculture, Food and Veterinary"
opendoar____::f4aa0dd960521e045ae2f20621fb4ee9,Earth and Planetary Sciences
opendoar____::f4aa0dd960521e045ae2f20621fb4ee9,Ecology and Environment
opendoar____::b99d193b66a6542917d2b7bee52c2574,Multidisciplinary
opendoar____::7b66e8931c93da8c88a0a8b6dec62f9e,Multidisciplinary
opendoar____::90599c8fdd2f6e7a03ad173e2f535751,Multidisciplinary
opendoar____::90599c8fdd2f6e7a03ad173e2f535751,"Agriculture, Food and Veterinary"
opendoar____::90599c8fdd2f6e7a03ad173e2f535751,Earth and Planetary Sciences
opendoar____::eccbc87e4b5ce2fe28308fd9f2a7baf3,Multidisciplinary
re3data_____::0245c2c2c98dd6d2f9cf114f10afc27c,Humanities and Social Sciences
re3data_____::0245c2c2c98dd6d2f9cf114f10afc27c,Life Sciences
re3data_____::0245c2c2c98dd6d2f9cf114f10afc27c,Natural Sciences
re3data_____::0245c2c2c98dd6d2f9cf114f10afc27c,Engineering Sciences
opendoar____::9fc3d7152ba9336a670e36d0ed79bc43,Multidisciplinary
opendoar____::ee14c41e92ec5c97b54cf9b74e25bd99,Multidisciplinary
opendoar____::acf4b89d3d503d8252c9c4ba75ddbf6d,Multidisciplinary
opendoar____::1d72310edc006dadf2190caad5802983,Multidisciplinary
opendoar____::2131f8ecf18db66a758f718dc729e00e,Multidisciplinary
opendoar____::92f54963fc39a9d87c2253186808ea61,Multidisciplinary
openaire____::3fb44fd97c2b706f689f156db577f2da,{NULL}
opendoar____::79514e888b8f2acacc68738d0cbb803e,Multidisciplinary
opendoar____::8d9766a69b764fefc12f56739424d136,Multidisciplinary
opendoar____::3e3aa687770f55c704ca997c3be81634,Multidisciplinary
opendoar____::692f93be8c7a41525c0baf2076aecfb4,Multidisciplinary
opendoar____::9701a1c165dd9420816bfec5edd6c2b1,Health and Medicine
re3data_____::94816e6421eeb072e7742ce6a9decc5f,Geosciences (including Geography)
re3data_____::94816e6421eeb072e7742ce6a9decc5f,Plant Sciences
re3data_____::94816e6421eeb072e7742ce6a9decc5f,Basic Biological and Medical Research
re3data_____::94816e6421eeb072e7742ce6a9decc5f,"Agriculture, Forestry, Horticulture and Veterinary Medicine"
re3data_____::94816e6421eeb072e7742ce6a9decc5f,"Microbiology, Virology and Immunology"
re3data_____::94816e6421eeb072e7742ce6a9decc5f,Humanities and Social Sciences
re3data_____::94816e6421eeb072e7742ce6a9decc5f,Geology and Palaeontology
re3data_____::94816e6421eeb072e7742ce6a9decc5f,Biochemistry and Animal Physiology
re3data_____::94816e6421eeb072e7742ce6a9decc5f,"Evolution, Anthropology"
re3data_____::94816e6421eeb072e7742ce6a9decc5f,Plant Ecology and Ecosystem Analysis
re3data_____::94816e6421eeb072e7742ce6a9decc5f,Bioinformatics and Theoretical Biology
re3data_____::94816e6421eeb072e7742ce6a9decc5f,General Genetics
re3data_____::94816e6421eeb072e7742ce6a9decc5f,Virology
re3data_____::94816e6421eeb072e7742ce6a9decc5f,Microbial Ecology and Applied Microbiology
re3data_____::94816e6421eeb072e7742ce6a9decc5f,Medicine
re3data_____::94816e6421eeb072e7742ce6a9decc5f,Zoology
re3data_____::94816e6421eeb072e7742ce6a9decc5f,Biology
re3data_____::94816e6421eeb072e7742ce6a9decc5f,Social and Behavioural Sciences
re3data_____::94816e6421eeb072e7742ce6a9decc5f,Natural Sciences
re3data_____::94816e6421eeb072e7742ce6a9decc5f,Life Sciences
opendoar____::d806ca13ca3449af72a1ea5aedbed26a,Multidisciplinary
opendoar____::6754e06e46dfa419d5afe3c9781cecad,Multidisciplinary
opendoar____::01e9565cecc4e989123f9620c1d09c09,Multidisciplinary
openaire____::ce2f4c2c5c3946f13b627212ebadb047,{NULL}
opendoar____::0b105cf1504c4e241fcc6d519ea962fb,Multidisciplinary
opendoar____::428fca9bc1921c25c5121f9da7815cde,Multidisciplinary
opendoar____::0d441de75945e5acbc865406fc9a2559,Multidisciplinary
opendoar____::781397bc0630d47ab531ea850bddcf63,Multidisciplinary
opendoar____::0b1ec366924b26fc98fa7b71a9c249cf,Multidisciplinary
opendoar____::0b1ec366924b26fc98fa7b71a9c249cf,Science General
opendoar____::0b1ec366924b26fc98fa7b71a9c249cf,Health and Medicine
opendoar____::0b1ec366924b26fc98fa7b71a9c249cf,Technology General
opendoar____::0b1ec366924b26fc98fa7b71a9c249cf,Arts and Humanities General
opendoar____::0b1ec366924b26fc98fa7b71a9c249cf,Social Sciences General
opendoar____::29e1c59be16c852670e3be302e8c303b,Multidisciplinary
opendoar____::2ad9e5e943e43cad612a7996c12a8796,Multidisciplinary
opendoar____::7d62a275027741d98073d42b8f735c68,Technology General
opendoar____::115f89503138416a242f40fb7d7f338e,Multidisciplinary
opendoar____::4c5bde74a8f110656874902f07378009,Chemistry and Chemical Technology
opendoar____::4c5bde74a8f110656874902f07378009,Mathematics and Statistics
opendoar____::4c5bde74a8f110656874902f07378009,Physics and Astronomy
opendoar____::5e76bef6e019b2541ff53db39f407a98,Multidisciplinary
opendoar____::705f2172834666788607efbfca35afb3,Multidisciplinary
opendoar____::c81e728d9d4c2f636f067f89cc14862c,Multidisciplinary
opendoar____::6915849303a3fe93657587cb9c469f00,Multidisciplinary
opendoar____::27e8e17134dd7083b050476733207ea1,Multidisciplinary
openaire____::991a5beae43cd80ee579843834857837,{NULL}
opendoar____::2417dc8af8570f274e6775d4d60496da,Science General
opendoar____::2417dc8af8570f274e6775d4d60496da,Chemistry and Chemical Technology
opendoar____::2417dc8af8570f274e6775d4d60496da,Technology General
opendoar____::2417dc8af8570f274e6775d4d60496da,Architecture
opendoar____::2417dc8af8570f274e6775d4d60496da,Civil Engineering
opendoar____::2417dc8af8570f274e6775d4d60496da,Computers and IT
opendoar____::2417dc8af8570f274e6775d4d60496da,Mechanical Engineering and Materials
opendoar____::174f8f613332b27e9e8a5138adb7e920,Multidisciplinary
opendoar____::a8f8f60264024dca151f164729b76c0b,Multidisciplinary
opendoar____::98d8a23fd60826a2a474c5b4f5811707,Computers and IT
share_______::9363b435abf4f62a6cd90fc4f5dab24f,{NULL}
opendoar____::7810ccd41bf26faaa2c4e1f20db70a71,Social Sciences General
opendoar____::7810ccd41bf26faaa2c4e1f20db70a71,Law and Politics
opendoar____::7810ccd41bf26faaa2c4e1f20db70a71,Management and Planning
opendoar____::e1d5be1c7f2f456670de3d53c7b54f4a,Multidisciplinary
opendoar____::9bdb8b1faffa4b3d41779bb495d79fb9,Science General
opendoar____::9bdb8b1faffa4b3d41779bb495d79fb9,Health and Medicine
opendoar____::9bdb8b1faffa4b3d41779bb495d79fb9,Technology General
opendoar____::9bdb8b1faffa4b3d41779bb495d79fb9,Computers and IT
opendoar____::9bdb8b1faffa4b3d41779bb495d79fb9,Library and Information Science
opendoar____::1abb1e1ea5f481b589da52303b091cbb,Multidisciplinary
opendoar____::fd4c2dc64ccb8496e6f1f94c85f30d06,"Agriculture, Food and Veterinary"
opendoar____::fd4c2dc64ccb8496e6f1f94c85f30d06,Geography and Regional Studies
opendoar____::fd4c2dc64ccb8496e6f1f94c85f30d06,History and Archaeology
opendoar____::fd4c2dc64ccb8496e6f1f94c85f30d06,Business and Economics
opendoar____::fd4c2dc64ccb8496e6f1f94c85f30d06,Education
opendoar____::cfee398643cbc3dc5eefc89334cacdc1,Multidisciplinary
opendoar____::5b5e6cc50cefa5e9f1f5ca272b136475,Multidisciplinary
opendoar____::2b3bf3eee2475e03885a110e9acaab61,Multidisciplinary
re3data_____::db814dc656a911b556dba42a331cebe9,Engineering Sciences
re3data_____::db814dc656a911b556dba42a331cebe9,Natural Sciences
re3data_____::db814dc656a911b556dba42a331cebe9,Life Sciences
re3data_____::db814dc656a911b556dba42a331cebe9,Humanities and Social Sciences
re3data_____::ffdd0d8e18c685e2dd933c82d65b386e,Humanities and Social Sciences
re3data_____::ffdd0d8e18c685e2dd933c82d65b386e,Life Sciences
re3data_____::ffdd0d8e18c685e2dd933c82d65b386e,Natural Sciences
re3data_____::ffdd0d8e18c685e2dd933c82d65b386e,Engineering Sciences
opendoar____::cefab442b1728a7c1b49c63f1a55781c,Multidisciplinary
opendoar____::f1b0775946bc0329b35b823b86eeb5f5,Business and Economics
opendoar____::f1b0775946bc0329b35b823b86eeb5f5,Education
opendoar____::d0ac1ed0c5cb9ecbca3d2496ec1ad984,"Agriculture, Food and Veterinary"
opendoar____::d0ac1ed0c5cb9ecbca3d2496ec1ad984,Biology and Biochemistry
opendoar____::d0ac1ed0c5cb9ecbca3d2496ec1ad984,Chemistry and Chemical Technology
opendoar____::d0ac1ed0c5cb9ecbca3d2496ec1ad984,Ecology and Environment
opendoar____::8fb5f8be2aa9d6c64a04e3ab9f63feee,Multidisciplinary
opendoar____::68b1fbe7f16e4ae3024973f12f3cb313,Computers and IT
opendoar____::68b1fbe7f16e4ae3024973f12f3cb313,Social Sciences General
opendoar____::4e2545f819e67f0615003dd7e04a6087,"{""Geography and Regional Studies"",""Biology and Biochemistry"",""Earth and Planetary Sciences"",""Ecology and Environment""}"
opendoar____::fbd7939d674997cdb4692d34de8633c4,Multidisciplinary
opendoar____::7cf64379eb6f29a4d25c4b6a2df713e4,"Agriculture, Food and Veterinary"
opendoar____::7cf64379eb6f29a4d25c4b6a2df713e4,Ecology and Environment
opendoar____::7cf64379eb6f29a4d25c4b6a2df713e4,Health and Medicine
opendoar____::7cf64379eb6f29a4d25c4b6a2df713e4,Geography and Regional Studies
opendoar____::7cf64379eb6f29a4d25c4b6a2df713e4,Business and Economics
opendoar____::7cf64379eb6f29a4d25c4b6a2df713e4,Law and Politics
opendoar____::2afe4567e1bf64d32a5527244d104cea,Multidisciplinary
opendoar____::be83ab3ecd0db773eb2dc1b0a17836a1,"Agriculture, Food and Veterinary"
opendoar____::be83ab3ecd0db773eb2dc1b0a17836a1,Earth and Planetary Sciences
opendoar____::be83ab3ecd0db773eb2dc1b0a17836a1,Ecology and Environment
driver______::c2cbac21cb3740980d4763d964cc6020,{NULL}
opendoar____::39461a19e9eddfb385ea76b26521ea48,Multidisciplinary
opendoar____::39461a19e9eddfb385ea76b26521ea48,Biology and Biochemistry
opendoar____::39461a19e9eddfb385ea76b26521ea48,Mathematics and Statistics
opendoar____::39461a19e9eddfb385ea76b26521ea48,Physics and Astronomy
opendoar____::39461a19e9eddfb385ea76b26521ea48,Fine and Performing Arts
opendoar____::39461a19e9eddfb385ea76b26521ea48,Geography and Regional Studies
opendoar____::39461a19e9eddfb385ea76b26521ea48,History and Archaeology
opendoar____::39461a19e9eddfb385ea76b26521ea48,Language and Literature
opendoar____::39461a19e9eddfb385ea76b26521ea48,Social Sciences General
opendoar____::39461a19e9eddfb385ea76b26521ea48,Business and Economics
opendoar____::39461a19e9eddfb385ea76b26521ea48,Education
opendoar____::39461a19e9eddfb385ea76b26521ea48,Law and Politics
opendoar____::65fc52ed8f88c81323a418ca94cec2ed,Multidisciplinary
opendoar____::4aa0e93b918848be0b7728b4b1568d8a,Physics and Astronomy
opendoar____::68264bdb65b97eeae6788aa3348e553c,Science General
opendoar____::68264bdb65b97eeae6788aa3348e553c,Technology General
opendoar____::68264bdb65b97eeae6788aa3348e553c,Philosophy and Religion
opendoar____::68264bdb65b97eeae6788aa3348e553c,Social Sciences General
opendoar____::50c3d7614917b24303ee6a220679dab3,Multidisciplinary
opendoar____::bf62768ca46b6c3b5bea9515d1a1fc45,Multidisciplinary
opendoar____::bf62768ca46b6c3b5bea9515d1a1fc45,Computers and IT
opendoar____::bf62768ca46b6c3b5bea9515d1a1fc45,Arts and Humanities General
opendoar____::bf62768ca46b6c3b5bea9515d1a1fc45,History and Archaeology
opendoar____::bf62768ca46b6c3b5bea9515d1a1fc45,Language and Literature
opendoar____::bf62768ca46b6c3b5bea9515d1a1fc45,Education
opendoar____::bf62768ca46b6c3b5bea9515d1a1fc45,Law and Politics
opendoar____::bf62768ca46b6c3b5bea9515d1a1fc45,Psychology
opendoar____::621461af90cadfdaf0e8d4cc25129f91,Multidisciplinary
opendoar____::52cf49fea5ff66588408852f65cf8272,Mathematics and Statistics
opendoar____::52cf49fea5ff66588408852f65cf8272,Social Sciences General
opendoar____::52cf49fea5ff66588408852f65cf8272,Business and Economics
opendoar____::52cf49fea5ff66588408852f65cf8272,Law and Politics
opendoar____::52cf49fea5ff66588408852f65cf8272,Library and Information Science
opendoar____::e02e27e04fdff967ba7d76fb24b8069d,"Agriculture, Food and Veterinary"
opendoar____::e02e27e04fdff967ba7d76fb24b8069d,Biology and Biochemistry
opendoar____::e02e27e04fdff967ba7d76fb24b8069d,Ecology and Environment
opendoar____::e02e27e04fdff967ba7d76fb24b8069d,Mathematics and Statistics
opendoar____::e02e27e04fdff967ba7d76fb24b8069d,Physics and Astronomy
opendoar____::e02e27e04fdff967ba7d76fb24b8069d,Health and Medicine
opendoar____::e02e27e04fdff967ba7d76fb24b8069d,History and Archaeology
opendoar____::e02e27e04fdff967ba7d76fb24b8069d,Language and Literature
opendoar____::e02e27e04fdff967ba7d76fb24b8069d,Philosophy and Religion
opendoar____::e02e27e04fdff967ba7d76fb24b8069d,Business and Economics
opendoar____::e02e27e04fdff967ba7d76fb24b8069d,Education
opendoar____::e02e27e04fdff967ba7d76fb24b8069d,Law and Politics
opendoar____::e02e27e04fdff967ba7d76fb24b8069d,Psychology
opendoar____::d20be76a86c0d71c75035fced631f874,Mathematics and Statistics
opendoar____::d20be76a86c0d71c75035fced631f874,Computers and IT
opendoar____::01e00f2f4bfcbb7505cb641066f2859b,Multidisciplinary
opendoar____::a4300b002bcfb71f291dac175d52df94,Multidisciplinary
opendoar____::39e4973ba3321b80f37d9b55f63ed8b8,Multidisciplinary
opendoar____::995665640dc319973d3173a74a03860c,History and Archaeology
re3data_____::4cc76bed7ce2fb95fd8e7a2dfde16016,Engineering Sciences
re3data_____::4cc76bed7ce2fb95fd8e7a2dfde16016,Natural Sciences
re3data_____::4cc76bed7ce2fb95fd8e7a2dfde16016,Life Sciences
re3data_____::4cc76bed7ce2fb95fd8e7a2dfde16016,Humanities and Social Sciences
opendoar____::852c44ddce7e0c7e4c64d86147300831,Multidisciplinary
opendoar____::b55ec28c52d5f6205684a473a2193564,Multidisciplinary
opendoar____::59e0b2658e9f2e77f8d4d83f8d07ca84,Multidisciplinary
opendoar____::69f357fcc8e6d119f3d95f33cedb5915,Science General
opendoar____::69f357fcc8e6d119f3d95f33cedb5915,"Agriculture, Food and Veterinary"
opendoar____::69f357fcc8e6d119f3d95f33cedb5915,Biology and Biochemistry
opendoar____::69f357fcc8e6d119f3d95f33cedb5915,Earth and Planetary Sciences
opendoar____::69f357fcc8e6d119f3d95f33cedb5915,Ecology and Environment
opendoar____::69f357fcc8e6d119f3d95f33cedb5915,History and Archaeology
opendoar____::69f357fcc8e6d119f3d95f33cedb5915,Library and Information Science
opendoar____::285da2198b2b496c9d447cc4ac6b0734,Science General
opendoar____::285da2198b2b496c9d447cc4ac6b0734,Chemistry and Chemical Technology
opendoar____::285da2198b2b496c9d447cc4ac6b0734,Earth and Planetary Sciences
opendoar____::285da2198b2b496c9d447cc4ac6b0734,Ecology and Environment
opendoar____::83f97f4825290be4cb794ec6a234595f,Multidisciplinary
opendoar____::1feb4cdda5aafe2a48cbe27544cd8e4b,Civil Engineering
opendoar____::07e1cd7dca89a1678042477183b7ac3f,Multidisciplinary
opendoar____::e4da3b7fbbce2345d7772b0674a318d5,Multidisciplinary
opendoar____::daa96d9681a21445772454cbddf0cac1,Multidisciplinary
opendoar____::41bfd20a38bb1b0bec75acf0845530a7,"Agriculture, Food and Veterinary"
opendoar____::6c8dba7d0df1c4a79dd07646be9a26c8,Multidisciplinary
opendoar____::4d2e7bd33c475784381a64e43e50922f,Multidisciplinary
re3data_____::6e8216b096589d01d186ef9cad0d3f83,Life Sciences
re3data_____::6e8216b096589d01d186ef9cad0d3f83,Basic Biological and Medical Research
re3data_____::6e8216b096589d01d186ef9cad0d3f83,General Genetics
re3data_____::6e8216b096589d01d186ef9cad0d3f83,Biology
re3data_____::31e7e17f430cb2804771e928f5bf6ea0,Humanities and Social Sciences
opendoar____::7cbbc409ec990f19c78c75bd1e06f215,Science General
opendoar____::7cbbc409ec990f19c78c75bd1e06f215,Technology General
opendoar____::7cbbc409ec990f19c78c75bd1e06f215,Library and Information Science
opendoar____::7cbbc409ec990f19c78c75bd1e06f215,Management and Planning
opendoar____::3546ab441e56fa333f8b44b610d95691,Multidisciplinary
openaire____::1f35f7c7fa4f731c8c3a2aa5b367e4f0,{NULL}
opendoar____::c8cbd669cfb2f016574e9d147092b5bb,Management and Planning
opendoar____::88a199611ac2b85bd3f76e8ee7e55650,Multidisciplinary
opendoar____::1160453108d3e537255e9f7b931f4e90,Multidisciplinary
opendoar____::4e87337f366f72daa424dae11df0538c,Multidisciplinary
opendoar____::da0b566359c3862f20b5072c3d49bd0f,Geography and Regional Studies
opendoar____::da0b566359c3862f20b5072c3d49bd0f,Philosophy and Religion
opendoar____::da0b566359c3862f20b5072c3d49bd0f,Law and Politics
opendoar____::1efa39bcaec6f3900149160693694536,Computers and IT
re3data_____::b7453287f17b09b65269062387fc69bc,Life Sciences
re3data_____::b7453287f17b09b65269062387fc69bc,Biology
re3data_____::b7453287f17b09b65269062387fc69bc,Engineering Sciences
re3data_____::b7453287f17b09b65269062387fc69bc,Materials Science and Engineering
re3data_____::b7453287f17b09b65269062387fc69bc,Natural Sciences
re3data_____::b7453287f17b09b65269062387fc69bc,Basic Biological and Medical Research
re3data_____::b7453287f17b09b65269062387fc69bc,Materials Science
re3data_____::b7453287f17b09b65269062387fc69bc,Physics
opendoar____::9627c45df543c816a3ddf2d8ea686a99,Multidisciplinary
opendoar____::36a16a2505369e0c922b6ea7a23a56d2,Multidisciplinary
opendoar____::75df63609809c7a2052fdffe5c00a84e,Multidisciplinary
opendoar____::75df63609809c7a2052fdffe5c00a84e,Science General
opendoar____::75df63609809c7a2052fdffe5c00a84e,Technology General
opendoar____::83f2550373f2f19492aa30fbd5b57512,Multidisciplinary
opendoar____::0584ce565c824b7b7f50282d9a19945b,Multidisciplinary
opendoar____::a8badd37c221a3f19d9ad0ac2196849a,Multidisciplinary
re3data_____::6ad727a71a5ffa1d2b65c4ccc6e463b5,Humanities and Social Sciences
re3data_____::6ad727a71a5ffa1d2b65c4ccc6e463b5,Life Sciences
re3data_____::6ad727a71a5ffa1d2b65c4ccc6e463b5,Natural Sciences
re3data_____::6ad727a71a5ffa1d2b65c4ccc6e463b5,Engineering Sciences
opendoar____::91f5738a827405b0f0bd80af1b7e386c,Multidisciplinary
opendoar____::0b6ace9e8971cf36f1782aa982a708db,Multidisciplinary
opendoar____::8a3363abe792db2d8761d6403605aeb7,Science General
opendoar____::dfbd282c18300fa0eccceea6c5fac41f,Multidisciplinary
opendoar____::dfbd282c18300fa0eccceea6c5fac41f,Health and Medicine
opendoar____::7750ca3559e5b8e1f44210283368fc16,Science General
opendoar____::7750ca3559e5b8e1f44210283368fc16,Health and Medicine
opendoar____::7750ca3559e5b8e1f44210283368fc16,Social Sciences General
opendoar____::a2d10d355cdebc879e4fc6ecc6f63dd7,Multidisciplinary
re3data_____::b5ba4fa2e3f3fb58b06eb6b1a7c1c53f,Engineering Sciences
re3data_____::b5ba4fa2e3f3fb58b06eb6b1a7c1c53f,Natural Sciences
re3data_____::b5ba4fa2e3f3fb58b06eb6b1a7c1c53f,Life Sciences
re3data_____::b5ba4fa2e3f3fb58b06eb6b1a7c1c53f,Humanities and Social Sciences
opendoar____::7d2be41b1bde6ff8fe45150c37488ebb,Multidisciplinary
opendoar____::f29c21d4897f78948b91f03172341b7b,Science General
opendoar____::f29c21d4897f78948b91f03172341b7b,Arts and Humanities General
opendoar____::f29c21d4897f78948b91f03172341b7b,Social Sciences General
re3data_____::0fd79429de04343dbbec705d9b5f429f,Biology
re3data_____::0fd79429de04343dbbec705d9b5f429f,Biophysics
re3data_____::0fd79429de04343dbbec705d9b5f429f,Bioinformatics and Theoretical Biology
re3data_____::0fd79429de04343dbbec705d9b5f429f,Soil Sciences
re3data_____::0fd79429de04343dbbec705d9b5f429f,Chemistry
re3data_____::0fd79429de04343dbbec705d9b5f429f,"Analytical Chemistry, Method Development (Chemistry)"
re3data_____::0fd79429de04343dbbec705d9b5f429f,Physics
re3data_____::0fd79429de04343dbbec705d9b5f429f,Mathematics
re3data_____::0fd79429de04343dbbec705d9b5f429f,Geosciences (including Geography)
re3data_____::0fd79429de04343dbbec705d9b5f429f,Geophysics and Geodesy
re3data_____::0fd79429de04343dbbec705d9b5f429f,Geophysics
re3data_____::0fd79429de04343dbbec705d9b5f429f,"Geochemistry, Mineralogy and Crystallography"
re3data_____::0fd79429de04343dbbec705d9b5f429f,Geography
re3data_____::0fd79429de04343dbbec705d9b5f429f,Water Research
re3data_____::0fd79429de04343dbbec705d9b5f429f,Materials Science and Engineering
re3data_____::0fd79429de04343dbbec705d9b5f429f,Materials Science
re3data_____::0fd79429de04343dbbec705d9b5f429f,"Computer Science, Electrical and System Engineering"
re3data_____::0fd79429de04343dbbec705d9b5f429f,Systems Engineering
re3data_____::0fd79429de04343dbbec705d9b5f429f,"Traffic and Transport Systems, Logistics"
re3data_____::0fd79429de04343dbbec705d9b5f429f,Computer Science
re3data_____::0fd79429de04343dbbec705d9b5f429f,Construction Engineering and Architecture
re3data_____::0fd79429de04343dbbec705d9b5f429f,"Urbanism, Spatial Planning, Transportation and Infrastructure Planning, Landscape Planning"
re3data_____::0fd79429de04343dbbec705d9b5f429f,Life Sciences
re3data_____::0fd79429de04343dbbec705d9b5f429f,Basic Biological and Medical Research
re3data_____::0fd79429de04343dbbec705d9b5f429f,"Agriculture, Forestry, Horticulture and Veterinary Medicine"
re3data_____::0fd79429de04343dbbec705d9b5f429f,Natural Sciences
re3data_____::0fd79429de04343dbbec705d9b5f429f,Engineering Sciences
re3data_____::aa2c0ae31d40fa1ab1dfc416c921def0,Life Sciences
re3data_____::aa2c0ae31d40fa1ab1dfc416c921def0,Basic Biological and Medical Research
re3data_____::aa2c0ae31d40fa1ab1dfc416c921def0,Biochemistry
re3data_____::aa2c0ae31d40fa1ab1dfc416c921def0,Bioinformatics and Theoretical Biology
re3data_____::aa2c0ae31d40fa1ab1dfc416c921def0,Biology
re3data_____::aa2c0ae31d40fa1ab1dfc416c921def0,Natural Sciences
re3data_____::aa2c0ae31d40fa1ab1dfc416c921def0,"Analytical Chemistry, Method Development (Chemistry)"
re3data_____::aa2c0ae31d40fa1ab1dfc416c921def0,Chemistry
opendoar____::488c1e0332065eb80e1129139a67d6e0,Health and Medicine
opendoar____::d360a502598a4b64b936683b44a5523a,Science General
opendoar____::d360a502598a4b64b936683b44a5523a,Ecology and Environment
opendoar____::d360a502598a4b64b936683b44a5523a,Architecture
opendoar____::d360a502598a4b64b936683b44a5523a,Library and Information Science
opendoar____::d360a502598a4b64b936683b44a5523a,Mechanical Engineering and Materials
opendoar____::769ac34a4012ab69c069de0bab7d9e81,Chemistry and Chemical Technology
opendoar____::fccb60fb512d13df5083790d64c4d5dd,Multidisciplinary
opendoar____::09b15d48a1514d8209b192a8b8f34e48,Multidisciplinary
opendoar____::21ce689121e39821d07d04faab328370,Multidisciplinary
opendoar____::5cce8dede893813f879b873962fb669f,Multidisciplinary
opendoar____::2a3d6d6cc4b5e77238c1fc1bb6cdd681,Multidisciplinary
opendoar____::70efba66d3d8d53194fb1a8446ae07fa,Multidisciplinary
opendoar____::9808ae38758804501ca3fc0697050e03,Multidisciplinary
opendoar____::eb6fdc36b281b7d5eabf33396c2683a2,Biology and Biochemistry
opendoar____::eb6fdc36b281b7d5eabf33396c2683a2,Health and Medicine
opendoar____::eb6fdc36b281b7d5eabf33396c2683a2,Social Sciences General
opendoar____::602d1305678a8d5fdb372271e980da6a,Multidisciplinary
re3data_____::dba855a84b750cd034f9a2f37d2c10c5,Engineering Sciences
re3data_____::dba855a84b750cd034f9a2f37d2c10c5,Natural Sciences
re3data_____::dba855a84b750cd034f9a2f37d2c10c5,Life Sciences
re3data_____::dba855a84b750cd034f9a2f37d2c10c5,Humanities and Social Sciences
opendoar____::4e0cb6fb5fb446d1c92ede2ed8780188,Multidisciplinary
opendoar____::851ddf5058cf22df63d3344ad89919cf,Science General
opendoar____::851ddf5058cf22df63d3344ad89919cf,Health and Medicine
opendoar____::851ddf5058cf22df63d3344ad89919cf,Architecture
opendoar____::851ddf5058cf22df63d3344ad89919cf,Social Sciences General
opendoar____::7cac11e2f46ed46c339ec3d569853759,Health and Medicine
opendoar____::7cac11e2f46ed46c339ec3d569853759,Technology General
opendoar____::7cac11e2f46ed46c339ec3d569853759,Computers and IT
opendoar____::7cac11e2f46ed46c339ec3d569853759,Arts and Humanities General
opendoar____::7cac11e2f46ed46c339ec3d569853759,Fine and Performing Arts
opendoar____::7cac11e2f46ed46c339ec3d569853759,Geography and Regional Studies
opendoar____::7cac11e2f46ed46c339ec3d569853759,History and Archaeology
opendoar____::7cac11e2f46ed46c339ec3d569853759,Language and Literature
opendoar____::7cac11e2f46ed46c339ec3d569853759,Social Sciences General
opendoar____::7cac11e2f46ed46c339ec3d569853759,Business and Economics
opendoar____::7cac11e2f46ed46c339ec3d569853759,Education
opendoar____::7cac11e2f46ed46c339ec3d569853759,Law and Politics
opendoar____::7cac11e2f46ed46c339ec3d569853759,Library and Information Science
opendoar____::7cac11e2f46ed46c339ec3d569853759,Management and Planning
opendoar____::7cac11e2f46ed46c339ec3d569853759,Psychology
opendoar____::13e5ebb0fa112fe1b31a1067962d74a7,Multidisciplinary
opendoar____::f770b62bc8f42a0b66751fe636fc6eb0,Multidisciplinary
openaire____::02b55e4f52388520bfe11f959f836e68,{NULL}
opendoar____::7fea637fd6d02b8f0adf6f7dc36aed93,Business and Economics
opendoar____::b23975176653284f1f7356ba5539cfcb,"Agriculture, Food and Veterinary"
opendoar____::b23975176653284f1f7356ba5539cfcb,Technology General
opendoar____::b23975176653284f1f7356ba5539cfcb,Computers and IT
opendoar____::d210cf373cf002a04ec72ee395f66306,Multidisciplinary
opendoar____::020c8bfac8de160d4c5543b96d1fdede,Health and Medicine
opendoar____::8929c70f8d710e412d38da624b21c3c8,"Agriculture, Food and Veterinary"
opendoar____::d707329bece455a462b58ce00d1194c9,Multidisciplinary
opendoar____::16a5cdae362b8d27a1d8f8c7b78b4330,Multidisciplinary
opendoar____::16a5cdae362b8d27a1d8f8c7b78b4330,Science General
opendoar____::16a5cdae362b8d27a1d8f8c7b78b4330,Arts and Humanities General
opendoar____::e165421110ba03099a1c0393373c5b43,Multidisciplinary
opendoar____::5e4450dc93010bbeea7cd28eba296850,Multidisciplinary
opendoar____::69d1fc78dbda242c43ad6590368912d4,Multidisciplinary
opendoar____::1c1d4df596d01da60385f0bb17a4a9e0,Multidisciplinary
opendoar____::b7087c1f4f89e63af8d46f3b20271153,Multidisciplinary
opendoar____::258be18e31c8188555c2ff05b4d542c3,Health and Medicine
openaire____::5fe864425faf411117991f021435b448,{NULL}
opendoar____::3be0214185d6177a9aa6adea5a720b09,Earth and Planetary Sciences
opendoar____::c90e274d55309db944076afb3ff9c391,Multidisciplinary
opendoar____::84c2d4860a0fc27bcf854c444fb8b400,Multidisciplinary
opendoar____::cf9b2d0406020c56599f9a93708832b5,Multidisciplinary
opendoar____::0266e33d3f546cb5436a10798e657d97,"Agriculture, Food and Veterinary"
opendoar____::0266e33d3f546cb5436a10798e657d97,Ecology and Environment
re3data_____::042526413dba064c3de49a8bf2614050,Humanities and Social Sciences
re3data_____::042526413dba064c3de49a8bf2614050,Soil Sciences
re3data_____::042526413dba064c3de49a8bf2614050,Ecology of Agricultural Landscapes
re3data_____::042526413dba064c3de49a8bf2614050,Basic Veterinary Medical Science
re3data_____::042526413dba064c3de49a8bf2614050,Chemistry
re3data_____::042526413dba064c3de49a8bf2614050,Physics
re3data_____::042526413dba064c3de49a8bf2614050,Astrophysics and Astronomy
re3data_____::042526413dba064c3de49a8bf2614050,Geophysics
re3data_____::042526413dba064c3de49a8bf2614050,Engineering Sciences
re3data_____::042526413dba064c3de49a8bf2614050,"Agriculture, Forestry, Horticulture and Veterinary Medicine"
re3data_____::042526413dba064c3de49a8bf2614050,Life Sciences
re3data_____::042526413dba064c3de49a8bf2614050,Natural Sciences
re3data_____::042526413dba064c3de49a8bf2614050,Geophysics and Geodesy
re3data_____::042526413dba064c3de49a8bf2614050,Geosciences (including Geography)
opendoar____::0ee8b85a85a49346fdff9665312a5cc4,Multidisciplinary
opendoar____::7c4ede33a62160a19586f6e26eaefacf,Multidisciplinary
opendoar____::7c4ede33a62160a19586f6e26eaefacf,Science General
opendoar____::2bcab9d935d219641434683dd9d18a03,Multidisciplinary
opendoar____::9b72e31dac81715466cd580a448cf823,Multidisciplinary
openaire____::431d1462786452bf6840b0645c6cb965,{NULL}
opendoar____::c79ec57a8e72a87d8a69d2c6b8a2a8d4,Health and Medicine
opendoar____::c0f971d8cd24364f2029fcb9ac7b71f5,Multidisciplinary
opendoar____::57f04bb2975420e3b4c73920c687cad7,Ecology and Environment
opendoar____::57f04bb2975420e3b4c73920c687cad7,Business and Economics
opendoar____::57f04bb2975420e3b4c73920c687cad7,Law and Politics
opendoar____::57f04bb2975420e3b4c73920c687cad7,Management and Planning
opendoar____::464d828b85b0bed98e80ade0a5c43b0f,Technology General
opendoar____::464d828b85b0bed98e80ade0a5c43b0f,Civil Engineering
opendoar____::464d828b85b0bed98e80ade0a5c43b0f,Electrical and Electronic Engineering
opendoar____::464d828b85b0bed98e80ade0a5c43b0f,Mechanical Engineering and Materials
opendoar____::464d828b85b0bed98e80ade0a5c43b0f,Language and Literature
opendoar____::464d828b85b0bed98e80ade0a5c43b0f,Business and Economics
opendoar____::464d828b85b0bed98e80ade0a5c43b0f,Library and Information Science
opendoar____::6ba3af5d7b2790e73f0de32e5c8c1798,Multidisciplinary
opendoar____::9fe77ac7060e716f2d42631d156825c0,Multidisciplinary
opendoar____::f33ba15effa5c10e873bf3842afb46a6,Multidisciplinary
opendoar____::8f121ce07d74717e0b1f21d122e04521,Multidisciplinary
opendoar____::aa97d584861474f4097cf13ccb5325da,Fine and Performing Arts
opendoar____::aa97d584861474f4097cf13ccb5325da,Geography and Regional Studies
opendoar____::aa97d584861474f4097cf13ccb5325da,History and Archaeology
opendoar____::aa97d584861474f4097cf13ccb5325da,Language and Literature
opendoar____::aa97d584861474f4097cf13ccb5325da,Philosophy and Religion
opendoar____::aa97d584861474f4097cf13ccb5325da,Law and Politics
opendoar____::3b5020bb891119b9f5130f1fea9bd773,Multidisciplinary
opendoar____::7f53f8c6c730af6aeb52e66eb74d8507,Multidisciplinary
opendoar____::1558417b096b5d8e7cbe0183ea9cbf26,Multidisciplinary
opendoar____::cfa0860e83a4c3a763a7e62d825349f7,Multidisciplinary
opendoar____::f0f6cc51dacebe556699ccb45e2d43a8,Multidisciplinary
opendoar____::ef50c335cca9f340bde656363ebd02fd,Multidisciplinary
opendoar____::b2eb7349035754953b57a32e2841bda5,Multidisciplinary
opendoar____::fd4f21f2556dad0ea8b7a5c04eabebda,Multidisciplinary
opendoar____::65a31da7ede4dc9b03fb5bbf8f442ce9,Technology General
opendoar____::6b050305727cf58f619ee76f40697abf,Multidisciplinary
opendoar____::8edd72158ccd2a879f79cb2538568fdc,Multidisciplinary
openaire____::c9d2209ecc4d45ba7b4ca7597acb88a2,{NULL}
opendoar____::393c55aea738548df743a186d15f3bef,Multidisciplinary
opendoar____::e761813f83dfc86fa1c6e0da5510c3b8,Multidisciplinary
opendoar____::9425be43ba92c2b4454ca7bf602efad8,Multidisciplinary
