officialname,openairecompatibility,opendoar_link
&lt;intR&gt;²Dok,"OpenAIRE 3.0 (OA, funding)",https://v2.sherpa.ac.uk/id/repository/3316
<intR>²Dok[§],"OpenAIRE 3.0 (OA, funding)",https://v2.sherpa.ac.uk/id/repository/3316
4TU.Centre for Research Data,"OpenAIRE Data (funded, referenced datasets)",NA
Aaltodoc Publication Archive,"OpenAIRE 3.0 (OA, funding)",https://v2.sherpa.ac.uk/id/repository/661
Academica-e,"OpenAIRE 2.0+ (DRIVER OA, EC funding)",https://v2.sherpa.ac.uk/id/repository/2347
Access to Research and Communications Annals,"OpenAIRE 3.0 (OA, funding)",https://v2.sherpa.ac.uk/id/repository/1689
"Access to Research at National University of Ireland, Galway",OpenAIRE Basic (DRIVER OA),https://v2.sherpa.ac.uk/id/repository/1513
ACM Digital Library,OpenAIRE 2.0 (EC funding),NA
ACU Research Bank,OpenAIRE Basic (DRIVER OA),https://v2.sherpa.ac.uk/id/repository/3651
AfricArXiv,OpenAIRE Basic (DRIVER OA),https://v2.sherpa.ac.uk/id/repository/4355
Agder University Research Archive,"OpenAIRE 3.0 (OA, funding)",https://v2.sherpa.ac.uk/id/repository/1794
Agencia Nacional de Investigación y Desarrollo,not available,https://v2.sherpa.ac.uk/id/repository/2220
Agritrop,"OpenAIRE 3.0 (OA, funding)",https://v2.sherpa.ac.uk/id/repository/3631
Alexandria Research Platform,OpenAIRE Basic (DRIVER OA),https://v2.sherpa.ac.uk/id/repository/2
AMS Acta,"OpenAIRE 3.0 (OA, funding)",https://v2.sherpa.ac.uk/id/repository/3
Anglia Ruskin Research Online,collected from a compatible aggregator,https://v2.sherpa.ac.uk/id/repository/1850
Apollo,OpenAIRE Basic (DRIVER OA),https://v2.sherpa.ac.uk/id/repository/109
Arca - Repositório Institucional da Fiocruz,not available,https://v2.sherpa.ac.uk/id/repository/2135
ArchiMer - Institutional Archive of Ifremer,"OpenAIRE 3.0 (OA, funding)",https://v2.sherpa.ac.uk/id/repository/7
Archined,"OpenAIRE 3.0 (OA, funding)",https://v2.sherpa.ac.uk/id/repository/4554
Archive institutionnelle Ifsttar,"OpenAIRE 3.0 (OA, funding)",https://v2.sherpa.ac.uk/id/repository/2966
Archive N.E.E.O. U.T.1,OpenAIRE Basic (DRIVER OA),NA
Archive ouverte UNIGE,"OpenAIRE 2.0+ (DRIVER OA, EC funding)",https://v2.sherpa.ac.uk/id/repository/1400
Archivio della ricerca - Università degli studi di Napoli &quot;Parthenope&quot;,"OpenAIRE 3.0 (OA, funding)",https://v2.sherpa.ac.uk/id/repository/3687
Archivio della ricerca - Università degli studi di Napoli Federico II,"OpenAIRE 3.0 (OA, funding)",https://v2.sherpa.ac.uk/id/repository/3730
Archivio della Ricerca - Università degli Studi di Teramo,"OpenAIRE 3.0 (OA, funding)",https://v2.sherpa.ac.uk/id/repository/3664
Archivio della Ricerca - Università di Pisa,"OpenAIRE 3.0 (OA, funding)",https://v2.sherpa.ac.uk/id/repository/3728
Archivio della Ricerca - Università di Roma Tor vergata,"OpenAIRE 3.0 (OA, funding)",https://v2.sherpa.ac.uk/id/repository/3667
Archivio della Ricerca - Università di Salerno,"OpenAIRE 3.0 (OA, funding)",https://v2.sherpa.ac.uk/id/repository/3666
Archivio della ricerca della Scuola Superiore Sant'Anna,"OpenAIRE 3.0 (OA, funding)",https://v2.sherpa.ac.uk/id/repository/3729
Archivio della ricerca- Università di Roma La Sapienza,"OpenAIRE 3.0 (OA, funding)",https://v2.sherpa.ac.uk/id/repository/3686
Archivio Istituzionale,"OpenAIRE 3.0 (OA, funding)",https://v2.sherpa.ac.uk/id/repository/970
Archivio istituzionale della ricerca - Alma Mater Studiorum Università di Bologna,"OpenAIRE 3.0 (OA, funding)",https://v2.sherpa.ac.uk/id/repository/4094
Archivio istituzionale della Ricerca - Bocconi,OpenAIRE Basic (DRIVER OA),https://v2.sherpa.ac.uk/id/repository/4050
Archivio istituzionale della ricerca - Fondazione Edmund Mach,"OpenAIRE 3.0 (OA, funding)",https://v2.sherpa.ac.uk/id/repository/3669
Archivio Istituzionale della Ricerca - Politecnico di Bari,"OpenAIRE 3.0 (OA, funding)",https://v2.sherpa.ac.uk/id/repository/3979
Archivio Istituzionale della Ricerca - Università degli Studi dell Aquila,"OpenAIRE 3.0 (OA, funding)",https://v2.sherpa.ac.uk/id/repository/3983
Archivio Istituzionale della Ricerca - Università degli Studi della Campania &quot;Luigi Vanvitelli&quot;,"OpenAIRE 3.0 (OA, funding)",https://v2.sherpa.ac.uk/id/repository/3977
Archivio Istituzionale della Ricerca - Università degli Studi di Cassino,"OpenAIRE 3.0 (OA, funding)",https://v2.sherpa.ac.uk/id/repository/3980
Archivio Istituzionale della Ricerca - Università degli Studi di Perugia,"OpenAIRE 3.0 (OA, funding)",https://v2.sherpa.ac.uk/id/repository/3982
Archivio istituzionale della ricerca - Università degli Studi di Udine,"OpenAIRE 3.0 (OA, funding)",https://v2.sherpa.ac.uk/id/repository/3659
Archivio istituzionale della ricerca - Università degli Studi di Venezia Ca' Foscari,"OpenAIRE 3.0 (OA, funding)",https://v2.sherpa.ac.uk/id/repository/3655
Archivio istituzionale della ricerca - Università dell'Insubria,"OpenAIRE 3.0 (OA, funding)",https://v2.sherpa.ac.uk/id/repository/3660
Archivio istituzionale della ricerca - Università di Brescia,"OpenAIRE 3.0 (OA, funding)",https://v2.sherpa.ac.uk/id/repository/3662
Archivio istituzionale della ricerca - Università di Camerino,"OpenAIRE 3.0 (OA, funding)",https://v2.sherpa.ac.uk/id/repository/3707
Archivio istituzionale della ricerca - Università di Ferrara,"OpenAIRE 3.0 (OA, funding)",https://v2.sherpa.ac.uk/id/repository/3709
Archivio istituzionale della ricerca - Università di Genova,"OpenAIRE 3.0 (OA, funding)",https://v2.sherpa.ac.uk/id/repository/3710
Archivio istituzionale della ricerca - Università di Padova,"OpenAIRE 3.0 (OA, funding)",https://v2.sherpa.ac.uk/id/repository/3657
Archivio istituzionale della ricerca - Università di Palermo,"OpenAIRE 3.0 (OA, funding)",https://v2.sherpa.ac.uk/id/repository/3658
Archivio istituzionale della ricerca - Università di Trieste,OpenAIRE Basic (DRIVER OA),https://v2.sherpa.ac.uk/id/repository/3665
Archivio istituzionale della ricerca - Università IUAV di Venezia,"OpenAIRE 3.0 (OA, funding)",https://v2.sherpa.ac.uk/id/repository/3661
Archivio Istituzionale della Ricerca dell'Università degli Studi di Milano,"OpenAIRE 3.0 (OA, funding)",https://v2.sherpa.ac.uk/id/repository/1261
Archivio Istituzionale della Ricerca- Università degli Studi di Messina,"OpenAIRE 3.0 (OA, funding)",https://v2.sherpa.ac.uk/id/repository/3978
ARCHIVIO ISTITUZIONALE DELLA RICERCA-UNIVERSITA' DEGLI STUDI DI NAPOLI &quot;L'ORIENTALE&quot;,"OpenAIRE 3.0 (OA, funding)",https://v2.sherpa.ac.uk/id/repository/3684
Archivio Istituzionale Università di Bergamo,"OpenAIRE 3.0 (OA, funding)",https://v2.sherpa.ac.uk/id/repository/1581
Archivo Climatológico y Meteorológico Institucional de AEMET,"OpenAIRE 3.0 (OA, funding)",https://v2.sherpa.ac.uk/id/repository/3726
ARCHIVO DIGITAL PARA LA DOCENCIA Y LA INVESTIGACION,"OpenAIRE 2.0+ (DRIVER OA, EC funding)",https://v2.sherpa.ac.uk/id/repository/2121
Archivo Digital UPM,"OpenAIRE 3.0 (OA, funding)",https://v2.sherpa.ac.uk/id/repository/1033
ARROW@DIT,OpenAIRE Basic (DRIVER OA),https://v2.sherpa.ac.uk/id/repository/1248
ArtXiker - @HAL,"OpenAIRE 3.0 (OA, funding)",https://v2.sherpa.ac.uk/id/repository/1631
arXiv.org e-Print Archive,OpenAIRE Basic (DRIVER OA),https://v2.sherpa.ac.uk/id/repository/18
Aston Publications Explorer,collected from a compatible aggregator,https://v2.sherpa.ac.uk/id/repository/1552
B2FIND,"OpenAIRE Data (funded, referenced datasets)",NA
Balıkesir University Institutional Repository,OpenAIRE Basic (DRIVER OA),https://v2.sherpa.ac.uk/id/repository/4609
BASE (Open Access Aggregator),"OpenAIRE 3.0 (OA, funding)",NA
BCAM's Institutional Repository Data,OpenAIRE PubRepos v4.0,https://v2.sherpa.ac.uk/id/repository/3610
Bern Open Repository and Information System (BORIS),OpenAIRE Basic (DRIVER OA),https://v2.sherpa.ac.uk/id/repository/3071
Beykent University Institutional Repository,OpenAIRE Basic (DRIVER OA),https://v2.sherpa.ac.uk/id/repository/3097
Bezmialem Vakif University Academic Open Access System,OpenAIRE Basic (DRIVER OA),https://v2.sherpa.ac.uk/id/repository/9651
BI Open,"OpenAIRE 3.0 (OA, funding)",https://v2.sherpa.ac.uk/id/repository/1793
Biblioteca Digital da UNICAMP,not available,https://v2.sherpa.ac.uk/id/repository/1529
Biblioteca Digital de la Universidad de Alcalá,"OpenAIRE 3.0 (OA, funding)",https://v2.sherpa.ac.uk/id/repository/966
BieColl - Bielefeld Electronic Collections,OpenAIRE Basic (DRIVER OA),https://v2.sherpa.ac.uk/id/repository/995
bioRxiv,OpenAIRE Basic (DRIVER OA),NA
Birkbeck Institutional Research Online,collected from a compatible aggregator,https://v2.sherpa.ac.uk/id/repository/30
BOA - Bicocca Open Archive,"OpenAIRE 3.0 (OA, funding)",https://v2.sherpa.ac.uk/id/repository/1299
BodoArXiv,OpenAIRE Basic (DRIVER OA),NA
Bournemouth University Research Online,collected from a compatible aggregator,https://v2.sherpa.ac.uk/id/repository/1076
Brage IMR,"OpenAIRE 3.0 (OA, funding)",https://v2.sherpa.ac.uk/id/repository/1796
Brown Digital Repository,collected from a compatible aggregator,NA
Brunel University Research Archive,OpenAIRE Basic (DRIVER OA),https://v2.sherpa.ac.uk/id/repository/900
"Calhoun, Institutional Archive of the Naval Postgraduate School",OpenAIRE Basic (DRIVER OA),https://v2.sherpa.ac.uk/id/repository/2778
Caltech Authors,OpenAIRE Basic (DRIVER OA),https://v2.sherpa.ac.uk/id/repository/38
Central Archive at the University of Reading,collected from a compatible aggregator,https://v2.sherpa.ac.uk/id/repository/1731
Central Lancashire Online Knowledge,collected from a compatible aggregator,https://v2.sherpa.ac.uk/id/repository/1882
CERN Document Server,"OpenAIRE 2.0+ (DRIVER OA, EC funding)",https://v2.sherpa.ac.uk/id/repository/65
Chalmers Research,"OpenAIRE 3.0 (OA, funding)",https://v2.sherpa.ac.uk/id/repository/4160
"Cherry - Repository of the Faculty of Chemistry, University of Belgrade","OpenAIRE 3.0 (OA, funding)",https://v2.sherpa.ac.uk/id/repository/4206
CICERO Research Archive,"OpenAIRE 3.0 (OA, funding)",https://v2.sherpa.ac.uk/id/repository/4031
citaREA Repositorio Electrónico Agroalimentario,OpenAIRE Basic (DRIVER OA),https://v2.sherpa.ac.uk/id/repository/2165
City Research Online,collected from a compatible aggregator,https://v2.sherpa.ac.uk/id/repository/2262
CONICET Digital,"OpenAIRE 3.0 (OA, funding)",https://v2.sherpa.ac.uk/id/repository/3498
Copenhagen University Research Information System,OpenAIRE Basic (DRIVER OA),https://v2.sherpa.ac.uk/id/repository/2751
CORE (RIOXX-UK Aggregator),"OpenAIRE 3.0 (OA, funding)",NA
CorpusUL,"OpenAIRE 3.0 (OA, funding)",https://v2.sherpa.ac.uk/id/repository/3751
Cranfield CERES,OpenAIRE Basic (DRIVER OA),https://v2.sherpa.ac.uk/id/repository/70
Cronfa at Swansea University,OpenAIRE Basic (DRIVER OA),https://v2.sherpa.ac.uk/id/repository/1590
Çukurova University Institutional Repository,"OpenAIRE 3.0 (OA, funding)",https://v2.sherpa.ac.uk/id/repository/9491
CyberLeninka - Russian open access scientific library,"OpenAIRE 3.0 (OA, funding)",https://v2.sherpa.ac.uk/id/repository/2806
Dalarna University College Electronic Archive,"OpenAIRE 2.0+ (DRIVER OA, EC funding)",https://v2.sherpa.ac.uk/id/repository/76
DCU Online Research Access Service,OpenAIRE Basic (DRIVER OA),https://v2.sherpa.ac.uk/id/repository/119
De Montfort University Open Research Archive,"OpenAIRE 3.0 (OA, funding)",https://v2.sherpa.ac.uk/id/repository/909
DepositOnce,"OpenAIRE 3.0 (OA, funding)",https://v2.sherpa.ac.uk/id/repository/793
DESY Publication Database,"OpenAIRE 3.0 (OA, funding)",https://v2.sherpa.ac.uk/id/repository/1108
DI-fusion,OpenAIRE Basic (DRIVER OA),https://v2.sherpa.ac.uk/id/repository/2101
Digital Access to Scholarship at Harvard,OpenAIRE Basic (DRIVER OA),https://v2.sherpa.ac.uk/id/repository/1586
Digital library (repository) of Tomsk State University,OpenAIRE Basic (DRIVER OA),https://v2.sherpa.ac.uk/id/repository/3810
Digital Library of Slovenia,"OpenAIRE 3.0 (OA, funding)",https://v2.sherpa.ac.uk/id/repository/3825
Digital Library University of West Bohemia,"OpenAIRE 3.0 (OA, funding)",https://v2.sherpa.ac.uk/id/repository/8936
Digital repository of Slovenian research organizations,"OpenAIRE 3.0 (OA, funding)",https://v2.sherpa.ac.uk/id/repository/3508
Digital Repository of University of Zaragoza,OpenAIRE Basic (DRIVER OA),https://v2.sherpa.ac.uk/id/repository/1413
DIGITAL.CSIC,"OpenAIRE 3.0 (OA, funding)",https://v2.sherpa.ac.uk/id/repository/1106
DigitalCommons@USU,OpenAIRE Basic (DRIVER OA),https://v2.sherpa.ac.uk/id/repository/1459
Digitale Bibliothek Braunschweig,OpenAIRE Basic (DRIVER OA),https://v2.sherpa.ac.uk/id/repository/719
Diposit Digital de Documents de la UAB,"OpenAIRE 2.0+ (DRIVER OA, EC funding)",https://v2.sherpa.ac.uk/id/repository/1404
Diposit Digital de la Universitat de Barcelona,"OpenAIRE 3.0 (OA, funding)",https://v2.sherpa.ac.uk/id/repository/963
DLR publication server,OpenAIRE PubRepos v4.0,https://v2.sherpa.ac.uk/id/repository/1640
Document Server@UHasselt,"OpenAIRE 2.0+ (DRIVER OA, EC funding)",https://v2.sherpa.ac.uk/id/repository/105
Dokumentenrepositorium der RUB / RUB-Repository,"OpenAIRE 3.0 (OA, funding)",https://v2.sherpa.ac.uk/id/repository/3579
DRYAD,collected from a compatible aggregator,https://v2.sherpa.ac.uk/id/repository/1475
DSpace at Open Universiteit Nederland,collected from a compatible aggregator,https://v2.sherpa.ac.uk/id/repository/233
DSpace at Tartu University Library,OpenAIRE Basic (DRIVER OA),https://v2.sherpa.ac.uk/id/repository/1018
DSpace at VU,collected from a compatible aggregator,https://v2.sherpa.ac.uk/id/repository/369
DSpace@IZTECH,"OpenAIRE 2.0+ (DRIVER OA, EC funding)",https://v2.sherpa.ac.uk/id/repository/2661
DSpace@MIT,OpenAIRE Basic (DRIVER OA),https://v2.sherpa.ac.uk/id/repository/88
DUGiDocs – Universitat de Girona,"OpenAIRE 3.0 (OA, funding)",https://v2.sherpa.ac.uk/id/repository/1264
Durham Research Online,OpenAIRE Basic (DRIVER OA),https://v2.sherpa.ac.uk/id/repository/328
Dutch Institute for Fundamental Energy Research,collected from a compatible aggregator,NA
Duzce Üniversitesi Akademik Arşiv Sistemi,OpenAIRE Basic (DRIVER OA),https://v2.sherpa.ac.uk/id/repository/3147
E-LIB Dokumentserver - Staats und Universitätsbibliothek Bremen,"OpenAIRE 3.0 (OA, funding)",https://v2.sherpa.ac.uk/id/repository/139
E-Prints Complutense,"OpenAIRE 2.0+ (DRIVER OA, EC funding)",https://v2.sherpa.ac.uk/id/repository/126
e-Prints Soton,OpenAIRE Basic (DRIVER OA),https://v2.sherpa.ac.uk/id/repository/348
e-space at Manchester Metropolitan University,OpenAIRE Basic (DRIVER OA),https://v2.sherpa.ac.uk/id/repository/128
EarthArXiv,OpenAIRE Basic (DRIVER OA),https://v2.sherpa.ac.uk/id/repository/4385
EASY,"OpenAIRE Data (funded, referenced datasets)",NA
EcoEvoRxiv Preprints,OpenAIRE Basic (DRIVER OA),https://v2.sherpa.ac.uk/id/repository/4205
EconStor,"OpenAIRE 2.0+ (DRIVER OA, EC funding)",https://v2.sherpa.ac.uk/id/repository/1687
Edinburgh Research Archive,OpenAIRE Basic (DRIVER OA),https://v2.sherpa.ac.uk/id/repository/463
Edinburgh Research Explorer,"OpenAIRE 2.0+ (DRIVER OA, EC funding)",https://v2.sherpa.ac.uk/id/repository/3094
edoc,OpenAIRE Basic (DRIVER OA),https://v2.sherpa.ac.uk/id/repository/2459
edoc-Server. Open-Access-Publikationsserver der Humboldt-Universität zu Berlin,"OpenAIRE 3.0 (OA, funding)",https://v2.sherpa.ac.uk/id/repository/133
Education and Research Archive,OpenAIRE Basic (DRIVER OA),https://v2.sherpa.ac.uk/id/repository/1875
Ege University Institutional Repository,"OpenAIRE 3.0 (OA, funding)",https://v2.sherpa.ac.uk/id/repository/9436
"Eldorado - Ressourcen aus und für Lehre, Studium und Forschung","OpenAIRE 3.0 (OA, funding)",https://v2.sherpa.ac.uk/id/repository/134
Electronic archive of Tomsk Polytechnic University,"OpenAIRE 3.0 (OA, funding)",https://v2.sherpa.ac.uk/id/repository/3626
Electronic Publication Information Center,"OpenAIRE 2.0+ (DRIVER OA, EC funding)",https://v2.sherpa.ac.uk/id/repository/999
Elektronisches Publikationsportal der Österreichischen Akademie der Wissenschaften,"OpenAIRE 2.0+ (DRIVER OA, EC funding)",https://v2.sherpa.ac.uk/id/repository/386
ELTE Digital Institutional Repository (EDIT),"OpenAIRE 3.0 (OA, funding)",https://v2.sherpa.ac.uk/id/repository/3256
engrXiv,OpenAIRE Basic (DRIVER OA),NA
Enlighten,collected from a compatible aggregator,https://v2.sherpa.ac.uk/id/repository/162
ePLUS,OpenAIRE Basic (DRIVER OA),https://v2.sherpa.ac.uk/id/repository/3941
Epsilon Open Archive,OpenAIRE Basic (DRIVER OA),https://v2.sherpa.ac.uk/id/repository/1094
EPub Bayreuth,"OpenAIRE 3.0 (OA, funding)",https://v2.sherpa.ac.uk/id/repository/2984
ePubWU Institutional Repository,"OpenAIRE 3.0 (OA, funding)",https://v2.sherpa.ac.uk/id/repository/777
Erasmus University Institutional Repository,collected from a compatible aggregator,https://v2.sherpa.ac.uk/id/repository/1113
Erciyes University - AVESIS,"OpenAIRE 3.0 (OA, funding)",https://v2.sherpa.ac.uk/id/repository/9447
eResearch@Ozyegin,"OpenAIRE 3.0 (OA, funding)",https://v2.sherpa.ac.uk/id/repository/1862
Érudit,OpenAIRE PubRepos v4.0,https://v2.sherpa.ac.uk/id/repository/1159
ESC publication,collected from a compatible aggregator,https://v2.sherpa.ac.uk/id/repository/3280
eScholarship - University of California,OpenAIRE Basic (DRIVER OA),https://v2.sherpa.ac.uk/id/repository/325
ETH Zürich Research Collection,"OpenAIRE Data (funded, referenced datasets)",NA
EURECOM Repository,OpenAIRE Basic (DRIVER OA),https://v2.sherpa.ac.uk/id/repository/1093
Europe PubMed Central,collected from a compatible aggregator,https://v2.sherpa.ac.uk/id/repository/908
Explore Bristol Research,OpenAIRE Basic (DRIVER OA),https://v2.sherpa.ac.uk/id/repository/2642
Fachrepositorium Lebenswissenschaften,OpenAIRE Basic (DRIVER OA),https://v2.sherpa.ac.uk/id/repository/3694
"FarFar - Pharmacy Repository, University of Belgrade",OpenAIRE Basic (DRIVER OA),https://v2.sherpa.ac.uk/id/repository/4877
figshare,collected from a compatible aggregator,https://v2.sherpa.ac.uk/id/repository/2073
FigShare,not available,https://v2.sherpa.ac.uk/id/repository/2073
Flore (Florence Research Repository),"OpenAIRE 3.0 (OA, funding)",https://v2.sherpa.ac.uk/id/repository/310
Forschungsindex und Repositorium der Leuphana Universität Lüneburg,"OpenAIRE 3.0 (OA, funding)",https://v2.sherpa.ac.uk/id/repository/3697
Fraunhofer-ePrints,"OpenAIRE 3.0 (OA, funding)",https://v2.sherpa.ac.uk/id/repository/610
Full-text Institutional Repository of the Ruđer Bošković Institute,"OpenAIRE 3.0 (OA, funding)",https://v2.sherpa.ac.uk/id/repository/2584
Gazi University Dspace,OpenAIRE 2.0 (EC funding),https://v2.sherpa.ac.uk/id/repository/9464
GenderOpen - Repositorium für die Geschlechterforschung,"OpenAIRE 3.0 (OA, funding)",https://v2.sherpa.ac.uk/id/repository/4158
Gene Expression Omnibus,not available,NA
GEO-LEO e-docs,OpenAIRE Basic (DRIVER OA),https://v2.sherpa.ac.uk/id/repository/2497
GFZ German Research Centre for Geosciences,OpenAIRE Basic (DRIVER OA),https://v2.sherpa.ac.uk/id/repository/156
Ghent University Academic Bibliography,"OpenAIRE 2.0+ (DRIVER OA, EC funding)",https://v2.sherpa.ac.uk/id/repository/330
Giessener Elektronische Bibliothek,OpenAIRE Basic (DRIVER OA),https://v2.sherpa.ac.uk/id/repository/478
Giresun University Institutional Repository,OpenAIRE Basic (DRIVER OA),https://v2.sherpa.ac.uk/id/repository/9647
GNOSIS Institutional Repository,"OpenAIRE 3.0 (OA, funding)",https://v2.sherpa.ac.uk/id/repository/4485
Goldsmiths Research Online,collected from a compatible aggregator,https://v2.sherpa.ac.uk/id/repository/758
"GraFar - Repository of the Faculty of Civil Engineering, University of Belgrade","OpenAIRE 3.0 (OA, funding)",https://v2.sherpa.ac.uk/id/repository/4693
GREDOS,OpenAIRE PubRepos v4.0,https://v2.sherpa.ac.uk/id/repository/1472
Greenwich Academic Literature Archive,collected from a compatible aggregator,https://v2.sherpa.ac.uk/id/repository/1756
GSI Repository,"OpenAIRE 3.0 (OA, funding)",https://v2.sherpa.ac.uk/id/repository/3449
Hacettepe Üniversitesi Açık Erişim Sistemi,OpenAIRE Basic (DRIVER OA),https://v2.sherpa.ac.uk/id/repository/4268
HAL - Université de Lille,"OpenAIRE 3.0 (OA, funding)",https://v2.sherpa.ac.uk/id/repository/4254
HAL - UPEC / UPEM,"OpenAIRE 3.0 (OA, funding)",https://v2.sherpa.ac.uk/id/repository/4325
HAL AMU,"OpenAIRE 3.0 (OA, funding)",https://v2.sherpa.ac.uk/id/repository/3430
HAL Clermont Université,"OpenAIRE 3.0 (OA, funding)",https://v2.sherpa.ac.uk/id/repository/2885
HAL Descartes,"OpenAIRE 3.0 (OA, funding)",https://v2.sherpa.ac.uk/id/repository/3379
HAL Evry,OpenAIRE Basic (DRIVER OA),https://v2.sherpa.ac.uk/id/repository/4047
HAL-CEA,"OpenAIRE 3.0 (OA, funding)",https://v2.sherpa.ac.uk/id/repository/3515
Hal-Diderot,"OpenAIRE 3.0 (OA, funding)",https://v2.sherpa.ac.uk/id/repository/2592
HAL-ENS-LYON,"OpenAIRE 3.0 (OA, funding)",https://v2.sherpa.ac.uk/id/repository/3393
HAL-INSA Toulouse,"OpenAIRE 3.0 (OA, funding)",https://v2.sherpa.ac.uk/id/repository/4074
HAL-Inserm,"OpenAIRE 3.0 (OA, funding)",https://v2.sherpa.ac.uk/id/repository/1398
HAL-IRD,"OpenAIRE 3.0 (OA, funding)",https://v2.sherpa.ac.uk/id/repository/2191
HAL-Lyon 3,"OpenAIRE 3.0 (OA, funding)",https://v2.sherpa.ac.uk/id/repository/3522
HAL-Pasteur,"OpenAIRE 3.0 (OA, funding)",https://v2.sherpa.ac.uk/id/repository/2100
HAL-Rennes 1,"OpenAIRE 3.0 (OA, funding)",https://v2.sherpa.ac.uk/id/repository/2755
HAL-UPMC,"OpenAIRE 3.0 (OA, funding)",https://v2.sherpa.ac.uk/id/repository/2417
HBO Kennisbank,collected from a compatible aggregator,NA
Heidelberger Dokumentenserver,"OpenAIRE 2.0+ (DRIVER OA, EC funding)",https://v2.sherpa.ac.uk/id/repository/482
HELDA - Digital Repository of the University of Helsinki,"OpenAIRE 3.0 (OA, funding)",https://v2.sherpa.ac.uk/id/repository/1593
Helmholtz Zentrum für Infektionsforschung Repository,"OpenAIRE 3.0 (OA, funding)",https://v2.sherpa.ac.uk/id/repository/1146
Hereon Publication Database,"OpenAIRE 3.0 (OA, funding)",https://v2.sherpa.ac.uk/id/repository/2110
Hertie School Research Repository,"OpenAIRE 3.0 (OA, funding)",https://v2.sherpa.ac.uk/id/repository/3399
Hes-so: ArODES Open Archive (University of Applied Sciences and Arts Western Switzerland,OpenAIRE Basic (DRIVER OA),https://v2.sherpa.ac.uk/id/repository/8594
HKU Scholars Hub,OpenAIRE Basic (DRIVER OA),https://v2.sherpa.ac.uk/id/repository/961
Hochschulschriftenserver - Universität Frankfurt am Main,OpenAIRE Basic (DRIVER OA),https://v2.sherpa.ac.uk/id/repository/603
Horizon / Pleins textes,OpenAIRE Basic (DRIVER OA),https://v2.sherpa.ac.uk/id/repository/932
HRČAK - Portal of scientific journals of Croatia,"OpenAIRE 3.0 (OA, funding)",https://v2.sherpa.ac.uk/id/repository/951
Humanities Commons,collected from a compatible aggregator,https://v2.sherpa.ac.uk/id/repository/4340
HVL Open,"OpenAIRE 3.0 (OA, funding)",https://v2.sherpa.ac.uk/id/repository/4161
Hyper Article en Ligne,"OpenAIRE 3.0 (OA, funding)",https://v2.sherpa.ac.uk/id/repository/166
Hyper Article en Ligne - Sciences de l'Homme et de la Société,"OpenAIRE 3.0 (OA, funding)",https://v2.sherpa.ac.uk/id/repository/177
HZB Repository,"OpenAIRE 3.0 (OA, funding)",https://v2.sherpa.ac.uk/id/repository/3680
idUS. Depósito de Investigación Universidad de Sevilla,"OpenAIRE 3.0 (OA, funding)",https://v2.sherpa.ac.uk/id/repository/3272
IIASA PURE,"OpenAIRE 2.0+ (DRIVER OA, EC funding)",https://v2.sherpa.ac.uk/id/repository/3535
ILL-ESRF publications,"OpenAIRE 3.0 (OA, funding)",NA
Infoscience - EPFL scientific publications,OpenAIRE PubRepos v4.0,https://v2.sherpa.ac.uk/id/repository/185
INRIA a CCSD electronic archive server,"OpenAIRE 3.0 (OA, funding)",https://v2.sherpa.ac.uk/id/repository/165
Institutional Repository,collected from a compatible aggregator,https://v2.sherpa.ac.uk/id/repository/1226
Institutional Repository for Molecular Medicine (MDC),OpenAIRE Basic (DRIVER OA),NA
Institutional Repository of Nature Research Centre,"OpenAIRE 3.0 (OA, funding)",https://v2.sherpa.ac.uk/id/repository/9676
Institutional Repository of the National University of Rio Negro,not available,https://v2.sherpa.ac.uk/id/repository/4369
Institutional Repository of the Technical University of Crete (DIAS),"OpenAIRE 3.0 (OA, funding)",https://v2.sherpa.ac.uk/id/repository/4037
Institutional repository of Ural Federal University named after the first President of Russia B.N.Yeltsin,"OpenAIRE 3.0 (OA, funding)",https://v2.sherpa.ac.uk/id/repository/917
Institutional Repository Universiteit Antwerpen,"OpenAIRE 3.0 (OA, funding)",https://v2.sherpa.ac.uk/id/repository/2097
Institutionelles Repositorium der Leibniz Universität Hannover,"OpenAIRE 3.0 (OA, funding)",https://v2.sherpa.ac.uk/id/repository/3531
InTech,OpenAIRE Basic (DRIVER OA),NA
Investigo,"OpenAIRE 2.0+ (DRIVER OA, EC funding)",https://v2.sherpa.ac.uk/id/repository/3690
IRIS - Institutional Research Information System of the University of Trento,"OpenAIRE 3.0 (OA, funding)",https://v2.sherpa.ac.uk/id/repository/3432
IRIS - Università degli Studi di Catania,"OpenAIRE 3.0 (OA, funding)",https://v2.sherpa.ac.uk/id/repository/4731
IRIS - Università degli Studi di Verona,"OpenAIRE 3.0 (OA, funding)",https://v2.sherpa.ac.uk/id/repository/1943
IRIS Catalogo dei prodotti della ricerca scientifica LUISS,"OpenAIRE 3.0 (OA, funding)",https://v2.sherpa.ac.uk/id/repository/3704
IRIS UNIMORE - Archivio istituzionale della ricerca - Università di Modena e Reggio Emilia,"OpenAIRE 3.0 (OA, funding)",https://v2.sherpa.ac.uk/id/repository/3674
IRTA Pubpro,"OpenAIRE 3.0 (OA, funding)",https://v2.sherpa.ac.uk/id/repository/4560
Iskenderun Technical University Institutional Repository,OpenAIRE Basic (DRIVER OA),https://v2.sherpa.ac.uk/id/repository/4723
IST PubRep,"OpenAIRE 2.0+ (DRIVER OA, EC funding)",https://v2.sherpa.ac.uk/id/repository/3529
Istanbul Arel University Institutional Repository,OpenAIRE Basic (DRIVER OA),https://v2.sherpa.ac.uk/id/repository/3002
Istanbul Bilgi University Library Open Access,OpenAIRE Basic (DRIVER OA),https://v2.sherpa.ac.uk/id/repository/3122
İstanbul Medipol University Institutional Repository,"OpenAIRE 3.0 (OA, funding)",https://v2.sherpa.ac.uk/id/repository/9477
ISTI Open Portal,"OpenAIRE 3.0 (OA, funding)",https://v2.sherpa.ac.uk/id/repository/9984
İstinye University Institutional Repository,OpenAIRE PubRepos v4.0,https://v2.sherpa.ac.uk/id/repository/9763
Jagiellonian University Repository,"OpenAIRE 3.0 (OA, funding)",https://v2.sherpa.ac.uk/id/repository/3647
JAIRO,OpenAIRE Basic (DRIVER OA),NA
JKU ePub,OpenAIRE Basic (DRIVER OA),https://v2.sherpa.ac.uk/id/repository/3361
Juelich Shared Electronic Resources,"OpenAIRE 3.0 (OA, funding)",https://v2.sherpa.ac.uk/id/repository/3364
Jyväskylä University Digital Archive,"OpenAIRE 3.0 (OA, funding)",https://v2.sherpa.ac.uk/id/repository/1222
Karamanoğlu Mehmetbey Üniversitesi Akademik Arşiv Sistemi,"OpenAIRE 3.0 (OA, funding)",https://v2.sherpa.ac.uk/id/repository/3145
Keele Research Repository,collected from a compatible aggregator,https://v2.sherpa.ac.uk/id/repository/2263
Kent Academic Repository,collected from a compatible aggregator,https://v2.sherpa.ac.uk/id/repository/1328
King's Research Portal,OpenAIRE Basic (DRIVER OA),https://v2.sherpa.ac.uk/id/repository/2761
Kingston University Research Repository,collected from a compatible aggregator,https://v2.sherpa.ac.uk/id/repository/1221
KISTI Open Repository,"OpenAIRE 3.0 (OA, funding)",NA
KITopen,"OpenAIRE 3.0 (OA, funding)",https://v2.sherpa.ac.uk/id/repository/3596
KITopen,"OpenAIRE Data (funded, referenced datasets)",NA
KNAW Repository,collected from a compatible aggregator,https://v2.sherpa.ac.uk/id/repository/1476
"KOBRA: Kasseler OnlineBibliothek, Repository und Archiv","OpenAIRE 3.0 (OA, funding)",https://v2.sherpa.ac.uk/id/repository/437
Koç University Suna Kıraç Library’s New Digital Collections Portal,OpenAIRE Basic (DRIVER OA),https://v2.sherpa.ac.uk/id/repository/3076
Kölner UniversitätsPublikationsServer,OpenAIRE Basic (DRIVER OA),https://v2.sherpa.ac.uk/id/repository/199
Lancaster EPrints,OpenAIRE Basic (DRIVER OA),https://v2.sherpa.ac.uk/id/repository/201
LAReferencia - Red Federada de Repositorios Institucionales de Publicaciones Científicas Latinoamericanas,"OpenAIRE 3.0 (OA, funding)",https://v2.sherpa.ac.uk/id/repository/3056
Leiden University Repository,collected from a compatible aggregator,https://v2.sherpa.ac.uk/id/repository/202
Lille Open Archive,"OpenAIRE 3.0 (OA, funding)",https://v2.sherpa.ac.uk/id/repository/4198
Lirias,"OpenAIRE 3.0 (OA, funding)",https://v2.sherpa.ac.uk/id/repository/1131
LJMU Research Online,collected from a compatible aggregator,https://v2.sherpa.ac.uk/id/repository/3107
LSE Research Online,OpenAIRE Basic (DRIVER OA),https://v2.sherpa.ac.uk/id/repository/206
LSHTM Research Online,collected from a compatible aggregator,https://v2.sherpa.ac.uk/id/repository/2377
LUHS eDoc Institutional Repository,"OpenAIRE 3.0 (OA, funding)",https://v2.sherpa.ac.uk/id/repository/2888
Lund University Publications,"OpenAIRE 2.0+ (DRIVER OA, EC funding)",https://v2.sherpa.ac.uk/id/repository/1110
MACAU: Open Access Repository of Kiel University,"OpenAIRE 3.0 (OA, funding)",https://v2.sherpa.ac.uk/id/repository/660
MAnnheim DOCument Server,OpenAIRE Basic (DRIVER OA),https://v2.sherpa.ac.uk/id/repository/2393
Maynooth University ePrints &amp; eTheses Archive,OpenAIRE Basic (DRIVER OA),https://v2.sherpa.ac.uk/id/repository/223
MediaTUM,"OpenAIRE 2.0+ (DRIVER OA, EC funding)",https://v2.sherpa.ac.uk/id/repository/518
medRxiv,OpenAIRE Basic (DRIVER OA),https://v2.sherpa.ac.uk/id/repository/9409
Mémoires en Sciences de l'Information et de la Communication,OpenAIRE Basic (DRIVER OA),https://v2.sherpa.ac.uk/id/repository/212
Mendeley Data,"OpenAIRE Data (funded, referenced datasets)",NA
Middlesex University Research Repository,collected from a compatible aggregator,https://v2.sherpa.ac.uk/id/repository/213
Ministry of Culture Research Portal,OpenAIRE Basic (DRIVER OA),https://v2.sherpa.ac.uk/id/repository/9693
MPG.PuRe,"OpenAIRE 3.0 (OA, funding)",https://v2.sherpa.ac.uk/id/repository/1874
Munin - Open Research Archive,"OpenAIRE 3.0 (OA, funding)",https://v2.sherpa.ac.uk/id/repository/904
Münstersches Informations und Archivsystem für Multimediale Inhalte,OpenAIRE Basic (DRIVER OA),https://v2.sherpa.ac.uk/id/repository/517
"NARCIS","OpenAIRE 3.0 (OA, funding)",NA
NaRDuS - Nacionalni repozitorijum disertacija u Srbiji,"OpenAIRE 3.0 (OA, funding)",NA
Natural History Museum Repository,"OpenAIRE 3.0 (OA, funding)",https://v2.sherpa.ac.uk/id/repository/3592
NERC Open Research Archive,OpenAIRE Basic (DRIVER OA),https://v2.sherpa.ac.uk/id/repository/1002
NIBIO Brage,"OpenAIRE 3.0 (OA, funding)",https://v2.sherpa.ac.uk/id/repository/9461
NILU Brage,"OpenAIRE 3.0 (OA, funding)",https://v2.sherpa.ac.uk/id/repository/3371
NIOZ Repository,"OpenAIRE 3.0 (OA, funding)",https://v2.sherpa.ac.uk/id/repository/3181
NOFIMA vitenarkiv,"OpenAIRE 3.0 (OA, funding)",https://v2.sherpa.ac.uk/id/repository/4027
NORCE Research Archive,OpenAIRE Basic (DRIVER OA),https://v2.sherpa.ac.uk/id/repository/9459
North-West University Institutional Repository,OpenAIRE Basic (DRIVER OA),https://v2.sherpa.ac.uk/id/repository/1399
Northumbria Research Link,collected from a compatible aggregator,https://v2.sherpa.ac.uk/id/repository/1448
Norwegian Institute of Public Health Open Repository,"OpenAIRE 3.0 (OA, funding)",https://v2.sherpa.ac.uk/id/repository/4030
Norwegian Open Research Archives,OpenAIRE Basic (DRIVER OA),NA
Nottingham ePrints,collected from a compatible aggregator,https://v2.sherpa.ac.uk/id/repository/226
Nottingham eTheses,OpenAIRE Basic (DRIVER OA),https://v2.sherpa.ac.uk/id/repository/227
Nottingham Research Repository,collected from a compatible aggregator,https://v2.sherpa.ac.uk/id/repository/4162
NUPI Research Online,"OpenAIRE 3.0 (OA, funding)",https://v2.sherpa.ac.uk/id/repository/4041
OA@INAF - Istituto Nazionale di Astrofisica,OpenAIRE Basic (DRIVER OA),https://v2.sherpa.ac.uk/id/repository/4759
OAPEN Library,"OpenAIRE 3.0 (OA, funding)",https://v2.sherpa.ac.uk/id/repository/2321
OAR@UM,"OpenAIRE 3.0 (OA, funding)",https://v2.sherpa.ac.uk/id/repository/3549
OceanRep,"OpenAIRE 2.0+ (DRIVER OA, EC funding)",https://v2.sherpa.ac.uk/id/repository/2386
Oldenburger Online Publikations Server,OpenAIRE Basic (DRIVER OA),https://v2.sherpa.ac.uk/id/repository/1443
Online Publikationen der Universität Stuttgart,OpenAIRE Basic (DRIVER OA),https://v2.sherpa.ac.uk/id/repository/350
Online Research @ Cardiff,collected from a compatible aggregator,https://v2.sherpa.ac.uk/id/repository/55
Online Research Database In Technology,"OpenAIRE 2.0+ (DRIVER OA, EC funding)",https://v2.sherpa.ac.uk/id/repository/1202
Online-Publikations-Server der Universität Würzburg,"OpenAIRE 3.0 (OA, funding)",https://v2.sherpa.ac.uk/id/repository/713
Open Access LMU,"OpenAIRE 3.0 (OA, funding)",https://v2.sherpa.ac.uk/id/repository/314
Open Access Repository,"OpenAIRE 3.0 (OA, funding)",https://v2.sherpa.ac.uk/id/repository/3061
Open Access Repository of IISc Research Publications,OpenAIRE Basic (DRIVER OA),https://v2.sherpa.ac.uk/id/repository/182
Open Access Repository of the Scientific Information Service for Mobility and Transport Research (FID move),"OpenAIRE 3.0 (OA, funding)",https://v2.sherpa.ac.uk/id/repository/4690
Open Archive Toulouse Archive Ouverte,OpenAIRE Basic (DRIVER OA),https://v2.sherpa.ac.uk/id/repository/1243
Open Archive: Publications from Karolinska Institutet,OpenAIRE Basic (DRIVER OA),https://v2.sherpa.ac.uk/id/repository/1916
Open Knowledge Repository,OpenAIRE Basic (DRIVER OA),https://v2.sherpa.ac.uk/id/repository/2456
Open Marine Archive,"OpenAIRE 3.0 (OA, funding)",https://v2.sherpa.ac.uk/id/repository/232
Open Natuur Archief (Open Nature Archive),OpenAIRE Basic (DRIVER OA),https://v2.sherpa.ac.uk/id/repository/1096
Open Repository and Bibliography - Luxembourg,"OpenAIRE 2.0+ (DRIVER OA, EC funding)",https://v2.sherpa.ac.uk/id/repository/2658
Open Repository and Bibliography - University of Liège,OpenAIRE PubRepos v4.0,https://v2.sherpa.ac.uk/id/repository/1318
Open Science Framework,collected from a compatible aggregator,NA
Open-Access-Repositorium der TH Wildau,OpenAIRE Basic (DRIVER OA),https://v2.sherpa.ac.uk/id/repository/1713
OpenMETU,OpenAIRE PubRepos v4.0,https://v2.sherpa.ac.uk/id/repository/9954
OpenUCT,OpenAIRE PubRepos v4.0,https://v2.sherpa.ac.uk/id/repository/3158
Opin visindi,"OpenAIRE 3.0 (OA, funding)",https://v2.sherpa.ac.uk/id/repository/3712
OPUS Augsburg,"OpenAIRE 3.0 (OA, funding)",https://v2.sherpa.ac.uk/id/repository/3341
OPUS FAU - Online-Publikationssystem der Friedrich-Alexander-Universität Erlangen-Nürnberg,"OpenAIRE 3.0 (OA, funding)",https://v2.sherpa.ac.uk/id/repository/2091
Organic Eprints,"OpenAIRE 2.0+ (DRIVER OA, EC funding)",https://v2.sherpa.ac.uk/id/repository/245
Oskar Bordeaux,"OpenAIRE 3.0 (OA, funding)",https://v2.sherpa.ac.uk/id/repository/9631
Oxford University Research Archive,OpenAIRE Basic (DRIVER OA),https://v2.sherpa.ac.uk/id/repository/1064
Papyrus : Dépôt institutionnel - Université de Montréal,OpenAIRE PubRepos v4.0,https://v2.sherpa.ac.uk/id/repository/317
"Permanent Hosting, Archiving and Indexing of Digital Resources and Assets",OpenAIRE PubRepos v4.0,https://v2.sherpa.ac.uk/id/repository/1726
Portsmouth Research Portal,OpenAIRE Basic (DRIVER OA),https://v2.sherpa.ac.uk/id/repository/3461
ProdInra,OpenAIRE Basic (DRIVER OA),https://v2.sherpa.ac.uk/id/repository/1582
Project Euclid,OpenAIRE Basic (DRIVER OA),NA
Propylaeum-DOK,OpenAIRE Basic (DRIVER OA),https://v2.sherpa.ac.uk/id/repository/1279
PRoteomics IDEntifications Database,not available,NA
PsyArXiv,OpenAIRE Basic (DRIVER OA),NA
Publications at Bielefeld University,OpenAIRE PubRepos v4.0,https://v2.sherpa.ac.uk/id/repository/2294
Publications Open Repository TOrino,"OpenAIRE 3.0 (OA, funding)",https://v2.sherpa.ac.uk/id/repository/2153
PubliCatt,"OpenAIRE 3.0 (OA, funding)",https://v2.sherpa.ac.uk/id/repository/2601
Publikationenserver der Georg-August-Universität Göttingen,"OpenAIRE 3.0 (OA, funding)",https://v2.sherpa.ac.uk/id/repository/1688
Publikationer från Högskolan i Jönköping,"OpenAIRE 2.0+ (DRIVER OA, EC funding)",https://v2.sherpa.ac.uk/id/repository/259
Publikationer från Högskolan i Skövde,"OpenAIRE 3.0 (OA, funding)",https://v2.sherpa.ac.uk/id/repository/1481
Publikationer från Karlstads Universitet,"OpenAIRE 2.0+ (DRIVER OA, EC funding)",https://v2.sherpa.ac.uk/id/repository/383
Publikationer från KTH,"OpenAIRE 2.0+ (DRIVER OA, EC funding)",https://v2.sherpa.ac.uk/id/repository/260
Publikationer från Linköpings universitet,"OpenAIRE 2.0+ (DRIVER OA, EC funding)",https://v2.sherpa.ac.uk/id/repository/261
Publikationer från Örebro universitet,"OpenAIRE 2.0+ (DRIVER OA, EC funding)",https://v2.sherpa.ac.uk/id/repository/384
Publikationer från Södertörns Högskola,"OpenAIRE 3.0 (OA, funding)",https://v2.sherpa.ac.uk/id/repository/262
Publikationer från Stockholms universitet,"OpenAIRE 2.0+ (DRIVER OA, EC funding)",https://v2.sherpa.ac.uk/id/repository/263
Publikationer från Umeå universitet,"OpenAIRE 2.0+ (DRIVER OA, EC funding)",https://v2.sherpa.ac.uk/id/repository/264
Publikationer från Uppsala Universitet,"OpenAIRE 2.0+ (DRIVER OA, EC funding)",https://v2.sherpa.ac.uk/id/repository/361
Publikationsserver der RWTH Aachen University,"OpenAIRE 3.0 (OA, funding)",https://v2.sherpa.ac.uk/id/repository/791
Publikationsserver der Universität Potsdam,"OpenAIRE 3.0 (OA, funding)",https://v2.sherpa.ac.uk/id/repository/266
Publikationsserver des Robert Koch-Instituts,OpenAIRE Basic (DRIVER OA),https://v2.sherpa.ac.uk/id/repository/1559
Purdue E-Scholar,OpenAIRE Basic (DRIVER OA),https://v2.sherpa.ac.uk/id/repository/540
PURE Aarhus University,"OpenAIRE 3.0 (OA, funding)",NA
QSpace,OpenAIRE PubRepos v4.0,https://v2.sherpa.ac.uk/id/repository/268
Qucosa - Publikationsserver der Universität Leipzig,"OpenAIRE 3.0 (OA, funding)",https://v2.sherpa.ac.uk/id/repository/4178
Qucosa - Technische Universität Bergakademie Freiberg,"OpenAIRE 3.0 (OA, funding)",https://v2.sherpa.ac.uk/id/repository/4293
Qucosa - Technische Universität Dresden,"OpenAIRE 3.0 (OA, funding)",https://v2.sherpa.ac.uk/id/repository/4179
Qucosa: Sächsische Landesbibliothek - Staats- und Universitätsbibliothek Dresden,"OpenAIRE 3.0 (OA, funding)",https://v2.sherpa.ac.uk/id/repository/4182
Queen's University Research Portal,OpenAIRE Basic (DRIVER OA),https://v2.sherpa.ac.uk/id/repository/2607
"RADaR -  Institute for Biological Research Sinisa Stankovic, University of Belgrade","OpenAIRE 3.0 (OA, funding)",NA
Radboud Repository,collected from a compatible aggregator,https://v2.sherpa.ac.uk/id/repository/1236
RaY - Research at York St John,collected from a compatible aggregator,https://v2.sherpa.ac.uk/id/repository/1391
RCSI Repository,OpenAIRE Basic (DRIVER OA),https://v2.sherpa.ac.uk/id/repository/1401
RE.PUBLIC@POLIMI Research Publications at Politecnico di Milano,"OpenAIRE 3.0 (OA, funding)",https://v2.sherpa.ac.uk/id/repository/3731
Refubium - Repositorium der Freien Universität Berlin,OpenAIRE PubRepos v4.0,https://v2.sherpa.ac.uk/id/repository/4732
Repertorio Competenze e Ricerche,OpenAIRE 2.0 (EC funding),https://v2.sherpa.ac.uk/id/repository/2649
REPISALUD,"OpenAIRE 3.0 (OA, funding)",https://v2.sherpa.ac.uk/id/repository/4734
Repositori d'Objectes Digitals per a l'Ensenyament la Recerca i la Cultura,"OpenAIRE 3.0 (OA, funding)",https://v2.sherpa.ac.uk/id/repository/2079
Repositori Institucional URV,"OpenAIRE 3.0 (OA, funding)",https://v2.sherpa.ac.uk/id/repository/3351
Repositório Aberto da Universidade do Porto,"OpenAIRE 3.0 (OA, funding)",https://v2.sherpa.ac.uk/id/repository/1406
Repositorio Académico de la Universidad Nacional de Costa Rica,not available,https://v2.sherpa.ac.uk/id/repository/2844
Repositório da Universidade Nova de Lisboa,"OpenAIRE 3.0 (OA, funding)",https://v2.sherpa.ac.uk/id/repository/1437
Repositorio de la UNED,"OpenAIRE 3.0 (OA, funding)",https://v2.sherpa.ac.uk/id/repository/1081
Repositorio de Objetos de Docencia e Investigación de la Universidad de Cádiz,"OpenAIRE 2.0+ (DRIVER OA, EC funding)",https://v2.sherpa.ac.uk/id/repository/1700
Repositório Digital do IPEN/SP - Brasil,not available,https://v2.sherpa.ac.uk/id/repository/4510
Repositório do ISCTE-IUL,"OpenAIRE 2.0+ (DRIVER OA, EC funding)",https://v2.sherpa.ac.uk/id/repository/1199
Repositorio Documental de la Universidad de Valladolid,OpenAIRE PubRepos v4.0,https://v2.sherpa.ac.uk/id/repository/1514
Repositorio Hipermedial de la Universidad Nacional de Rosario,not available,https://v2.sherpa.ac.uk/id/repository/1550
Repositório Institucional da UFVJM,not available,https://v2.sherpa.ac.uk/id/repository/2145
Repositório Institucional da Universidade de Aveiro,"OpenAIRE 3.0 (OA, funding)",https://v2.sherpa.ac.uk/id/repository/2292
Repositorio Institucional de la Universidad de Burgos,OpenAIRE Basic (DRIVER OA),https://v2.sherpa.ac.uk/id/repository/1527
Repositorio Institucional de la Universidad de Costa Rica,not available,https://v2.sherpa.ac.uk/id/repository/1871
Repositorio Institucional de la Universidad de Oviedo,"OpenAIRE 3.0 (OA, funding)",https://v2.sherpa.ac.uk/id/repository/2439
Repositorio Institucional del Banco de España,"OpenAIRE 3.0 (OA, funding)",https://v2.sherpa.ac.uk/id/repository/9487
Repositorio Institucional EdocUR,OpenAIRE PubRepos v4.0,https://v2.sherpa.ac.uk/id/repository/1325
Repositorio Institucional Olavide,"OpenAIRE 2.0+ (DRIVER OA, EC funding)",https://v2.sherpa.ac.uk/id/repository/3034
Repositório Institucional UNESP,not available,https://v2.sherpa.ac.uk/id/repository/2946
Repositorio Institucional Universidad de Granada,"OpenAIRE 3.0 (OA, funding)",https://v2.sherpa.ac.uk/id/repository/1648
Repositorio Institucional Universidad de Málaga,OpenAIRE Basic (DRIVER OA),https://v2.sherpa.ac.uk/id/repository/1785
Repositorio Universidad de Santander - UDES,OpenAIRE Basic (DRIVER OA),https://v2.sherpa.ac.uk/id/repository/7085
Repository CWI Amsterdam,collected from a compatible aggregator,https://v2.sherpa.ac.uk/id/repository/2358
"Repository of Faculty of Science, University of Zagreb","OpenAIRE 3.0 (OA, funding)",https://v2.sherpa.ac.uk/id/repository/3908
Repository of Nicolaus Copernicus University,OpenAIRE Basic (DRIVER OA),https://v2.sherpa.ac.uk/id/repository/2570
Repository of the University of Ljubljana,"OpenAIRE 3.0 (OA, funding)",https://v2.sherpa.ac.uk/id/repository/3505
Repository of the University of Namur,OpenAIRE Basic (DRIVER OA),https://v2.sherpa.ac.uk/id/repository/4291
"Repository of the University of Rijeka, Faculty of Medicine","OpenAIRE 3.0 (OA, funding)",https://v2.sherpa.ac.uk/id/repository/4121
Repository TU/e,collected from a compatible aggregator,https://v2.sherpa.ac.uk/id/repository/567
Repository@Napier,collected from a compatible aggregator,https://v2.sherpa.ac.uk/id/repository/1334
reposiTUm,OpenAIRE PubRepos v4.0,https://v2.sherpa.ac.uk/id/repository/3431
Repozytorium Uniwersytetu Śląskiego RE-BUŚ,OpenAIRE Basic (DRIVER OA),https://v2.sherpa.ac.uk/id/repository/4084
RERO DOC Digital Library,OpenAIRE Basic (DRIVER OA),https://v2.sherpa.ac.uk/id/repository/805
Research Data Unipd,"OpenAIRE Data (funded, referenced datasets)",NA
Research Papers in Economics,OpenAIRE Basic (DRIVER OA),https://v2.sherpa.ac.uk/id/repository/645
Research Repository of Catalonia,"OpenAIRE 3.0 (OA, funding)",https://v2.sherpa.ac.uk/id/repository/272
Research SPAce,collected from a compatible aggregator,https://v2.sherpa.ac.uk/id/repository/2694
ResearchGate Data,not available,NA
Reti Medievali Open Archive,"OpenAIRE 3.0 (OA, funding)",https://v2.sherpa.ac.uk/id/repository/3534
Revistes Catalanes amb Accés Obert,OpenAIRE Basic (DRIVER OA),https://v2.sherpa.ac.uk/id/repository/613
riUAL - Repositorio Institucional de la Universidad de Almería (Spain),"OpenAIRE 3.0 (OA, funding)",https://v2.sherpa.ac.uk/id/repository/2382
ROBIS,"OpenAIRE 3.0 (OA, funding)",https://v2.sherpa.ac.uk/id/repository/4577
RODARE,"OpenAIRE Data (funded, referenced datasets)",NA
Rothamsted Repository,OpenAIRE PubRepos v4.0,https://v2.sherpa.ac.uk/id/repository/4225
RUIdeRA,"OpenAIRE 3.0 (OA, funding)",https://v2.sherpa.ac.uk/id/repository/1811
RVC Research Online,collected from a compatible aggregator,https://v2.sherpa.ac.uk/id/repository/3495
Sabanci University Research Database,OpenAIRE Basic (DRIVER OA),https://v2.sherpa.ac.uk/id/repository/1246
SAS-SPACE,collected from a compatible aggregator,https://v2.sherpa.ac.uk/id/repository/907
"Scientia, Dipòsit d’Informació Digital del Departament de Salut","OpenAIRE 3.0 (OA, funding)",https://v2.sherpa.ac.uk/id/repository/3991
Scientific documents from the Saarland University,"OpenAIRE 3.0 (OA, funding)",https://v2.sherpa.ac.uk/id/repository/286
Scientific Electronic Library Online - Brazil,OpenAIRE Basic (DRIVER OA),https://v2.sherpa.ac.uk/id/repository/608
Scientific Electronic Library Online - Chile,OpenAIRE Basic (DRIVER OA),https://v2.sherpa.ac.uk/id/repository/614
Scientific Electronic Library Online - Colombia,OpenAIRE Basic (DRIVER OA),https://v2.sherpa.ac.uk/id/repository/618
Scientific Electronic Library Online - Portugal,OpenAIRE Basic (DRIVER OA),https://v2.sherpa.ac.uk/id/repository/616
Scientific Electronic Library Online - South Africa,OpenAIRE Basic (DRIVER OA),https://v2.sherpa.ac.uk/id/repository/1575
SCOAP3 Repository,OpenAIRE Basic (DRIVER OA),https://v2.sherpa.ac.uk/id/repository/3000
Serveur académique lausannois,"OpenAIRE 3.0 (OA, funding)",https://v2.sherpa.ac.uk/id/repository/1900
Servicio de Difusión de la Creación Intelectual,OpenAIRE Basic (DRIVER OA),https://v2.sherpa.ac.uk/id/repository/1329
Sheffield Hallam University Research Archive,collected from a compatible aggregator,https://v2.sherpa.ac.uk/id/repository/942
SISSA Digital Library,"OpenAIRE 3.0 (OA, funding)",https://v2.sherpa.ac.uk/id/repository/288
"SMILE - School of dental Medicine dIgitaL archivE, University of Belgrade","OpenAIRE 3.0 (OA, funding)",https://v2.sherpa.ac.uk/id/repository/9712
SOAS Research Online,collected from a compatible aggregator,https://v2.sherpa.ac.uk/id/repository/285
SocArXiv,OpenAIRE Basic (DRIVER OA),NA
Social Science Open Access Repository,OpenAIRE Basic (DRIVER OA),https://v2.sherpa.ac.uk/id/repository/1272
Solent University Research Portal,OpenAIRE Basic (DRIVER OA),https://v2.sherpa.ac.uk/id/repository/9451
Spiral - Imperial College Digital Repository,OpenAIRE Basic (DRIVER OA),https://v2.sherpa.ac.uk/id/repository/1032
SPIRE - Sciences Po Institutional REpository,"OpenAIRE 3.0 (OA, funding)",https://v2.sherpa.ac.uk/id/repository/3063
SpringerOpen,collected from a compatible aggregator,NA
St Andrews Research Repository,OpenAIRE Basic (DRIVER OA),https://v2.sherpa.ac.uk/id/repository/901
St George's Online Research Archive,collected from a compatible aggregator,https://v2.sherpa.ac.uk/id/repository/2556
Strathprints,not available,https://v2.sherpa.ac.uk/id/repository/1181
Suleyman Demirel University Research Repository,OpenAIRE Basic (DRIVER OA),https://v2.sherpa.ac.uk/id/repository/1865
Sunderland University Institutional Repository,collected from a compatible aggregator,https://v2.sherpa.ac.uk/id/repository/2408
Surrey Research Insight,OpenAIRE Basic (DRIVER OA),https://v2.sherpa.ac.uk/id/repository/305
Sussex Research Online,collected from a compatible aggregator,https://v2.sherpa.ac.uk/id/repository/2384
Swedish Institute of Computer Science Publications Database,OpenAIRE Basic (DRIVER OA),https://v2.sherpa.ac.uk/id/repository/850
SZTAKI Publication Repository,"OpenAIRE 2.0+ (DRIVER OA, EC funding)",https://v2.sherpa.ac.uk/id/repository/2764
SZTE Publicatio Repozitórium - SZTE - Repository of Publications,OpenAIRE Basic (DRIVER OA),https://v2.sherpa.ac.uk/id/repository/2868
TECNALIA Publications,"OpenAIRE 3.0 (OA, funding)",https://v2.sherpa.ac.uk/id/repository/3360
The IT University of Copenhagen's Repository,OpenAIRE Basic (DRIVER OA),https://v2.sherpa.ac.uk/id/repository/2988
The University of Manchester - Institutional Repository,"OpenAIRE 2.0+ (DRIVER OA, EC funding)",https://v2.sherpa.ac.uk/id/repository/3818
Theses@asb,"OpenAIRE 2.0+ (DRIVER OA, EC funding)",https://v2.sherpa.ac.uk/id/repository/2416
Tilburg University Repository,collected from a compatible aggregator,https://v2.sherpa.ac.uk/id/repository/550
TNO Repository - hosted by TU Delft Library,collected from a compatible aggregator,NA
TOBB ETÜ Institutional Repository,"OpenAIRE 3.0 (OA, funding)",https://v2.sherpa.ac.uk/id/repository/4483
Toulouse 1 Capitole Publications,OpenAIRE Basic (DRIVER OA),https://v2.sherpa.ac.uk/id/repository/2603
Trepo - Institutional Repository of Tampere University,OpenAIRE Basic (DRIVER OA),https://v2.sherpa.ac.uk/id/repository/4853
TU Delft Repository,collected from a compatible aggregator,https://v2.sherpa.ac.uk/id/repository/571
TUGraz OPEN Library,"OpenAIRE 3.0 (OA, funding)",https://v2.sherpa.ac.uk/id/repository/3560
TUHH Open Research,"OpenAIRE 3.0 (OA, funding)",https://v2.sherpa.ac.uk/id/repository/718
tuprints,"OpenAIRE 2.0+ (DRIVER OA, EC funding)",https://v2.sherpa.ac.uk/id/repository/1374
uBibliorum Repositorio Digital DA UBI,OpenAIRE Basic (DRIVER OA),https://v2.sherpa.ac.uk/id/repository/6231
UCrea,"OpenAIRE 3.0 (OA, funding)",https://v2.sherpa.ac.uk/id/repository/2473
UEF eRepository,"OpenAIRE 2.0+ (DRIVER OA, EC funding)",https://v2.sherpa.ac.uk/id/repository/3891
UGD Academic Repository,OpenAIRE Basic (DRIVER OA),https://v2.sherpa.ac.uk/id/repository/2788
UIC Open Acces Archive,"OpenAIRE 3.0 (OA, funding)",https://v2.sherpa.ac.uk/id/repository/4854
UM Publications,collected from a compatible aggregator,https://v2.sherpa.ac.uk/id/repository/83
UNC Dataverse,not available,NA
uni≡pub (unipub),OpenAIRE Basic (DRIVER OA),https://v2.sherpa.ac.uk/id/repository/3007
Unitus DSpace,OpenAIRE Basic (DRIVER OA),https://v2.sherpa.ac.uk/id/repository/306
Università degli Studi di Napoli Federico Il Open Archive,"OpenAIRE 2.0+ (DRIVER OA, EC funding)",https://v2.sherpa.ac.uk/id/repository/152
Universiteit Twente Repository,collected from a compatible aggregator,https://v2.sherpa.ac.uk/id/repository/354
Universiteit van Amsterdam Digital Academic Repository,collected from a compatible aggregator,https://v2.sherpa.ac.uk/id/repository/323
University of Bath Research Data Archive,"OpenAIRE Data (funded, referenced datasets)",NA
University of Bath's research portal,"OpenAIRE 2.0+ (DRIVER OA, EC funding)",https://v2.sherpa.ac.uk/id/repository/1378
University of East Anglia digital repository,OpenAIRE Basic (DRIVER OA),https://v2.sherpa.ac.uk/id/repository/1366
"University of Gloucestershire, Research Repository",collected from a compatible aggregator,https://v2.sherpa.ac.uk/id/repository/3160
University of Huddersfield Repository,collected from a compatible aggregator,https://v2.sherpa.ac.uk/id/repository/1012
University of Innsbruck Digital Library,OpenAIRE Basic (DRIVER OA),https://v2.sherpa.ac.uk/id/repository/3132
University of Lincoln Institutional Repository,OpenAIRE Basic (DRIVER OA),https://v2.sherpa.ac.uk/id/repository/5
University of Liverpool Repository,collected from a compatible aggregator,https://v2.sherpa.ac.uk/id/repository/1292
University of Oulu Repository - Jultika,"OpenAIRE 3.0 (OA, funding)",https://v2.sherpa.ac.uk/id/repository/2423
University of Regensburg Publication Server,"OpenAIRE 2.0+ (DRIVER OA, EC funding)",https://v2.sherpa.ac.uk/id/repository/855
University of Salford Institutional Repository,collected from a compatible aggregator,https://v2.sherpa.ac.uk/id/repository/991
University of Southern Denmark Research Output,OpenAIRE Basic (DRIVER OA),https://v2.sherpa.ac.uk/id/repository/3062
University of Worcester Research and Publications,collected from a compatible aggregator,https://v2.sherpa.ac.uk/id/repository/1177
University of Zagreb Medical School Repository,OpenAIRE Basic (DRIVER OA),https://v2.sherpa.ac.uk/id/repository/579
Univerzitní repozitář Masarykovy univerzity,"OpenAIRE 3.0 (OA, funding)",https://v2.sherpa.ac.uk/id/repository/3253
UPCommons - Research Data,"OpenAIRE Data (funded, referenced datasets)",NA
UPCommons. Portal del coneixement obert de la UPC,"OpenAIRE 3.0 (OA, funding)",https://v2.sherpa.ac.uk/id/repository/3484
UPF Digital Repository,"OpenAIRE 3.0 (OA, funding)",https://v2.sherpa.ac.uk/id/repository/1610
Uşak Üniversitesi Kurumsal Akademik Arşiv Sistemi,OpenAIRE Basic (DRIVER OA),https://v2.sherpa.ac.uk/id/repository/3224
Usiena air - Università di Siena,"OpenAIRE 3.0 (OA, funding)",https://v2.sherpa.ac.uk/id/repository/1820
Utrecht University Repository,collected from a compatible aggregator,https://v2.sherpa.ac.uk/id/repository/101
UWL Repository,collected from a compatible aggregator,https://v2.sherpa.ac.uk/id/repository/2700
VBN,"OpenAIRE 2.0+ (DRIVER OA, EC funding)",https://v2.sherpa.ac.uk/id/repository/1266
Vilnius University Institutional Repository,"OpenAIRE 3.0 (OA, funding)",https://v2.sherpa.ac.uk/id/repository/4036
"VinaR - Repository of the Vinča Institute of Nuclear Sciences, University of Belgrade","OpenAIRE 3.0 (OA, funding)",https://v2.sherpa.ac.uk/id/repository/4175
VTT Research Information System,"OpenAIRE 3.0 (OA, funding)",NA
Wageningen Staff Publications,collected from a compatible aggregator,https://v2.sherpa.ac.uk/id/repository/370
Warwick Research Archives Portal Repository,collected from a compatible aggregator,https://v2.sherpa.ac.uk/id/repository/1288
Web-based Archive of RIVM Publications,collected from a compatible aggregator,https://v2.sherpa.ac.uk/id/repository/881
White Rose Research Online,collected from a compatible aggregator,https://v2.sherpa.ac.uk/id/repository/373
Zenodo,"OpenAIRE 3.0 (OA, funding)",https://v2.sherpa.ac.uk/id/repository/2659
Zenodo,OpenAIRE Basic (DRIVER OA),NA
ZHAW digitalcollection,"OpenAIRE 3.0 (OA, funding)",https://v2.sherpa.ac.uk/id/repository/3760
Zurich Open Repository and Archive,"OpenAIRE 3.0 (OA, funding)",https://v2.sherpa.ac.uk/id/repository/885
Наукова електронна бібліотека періодичних видань НАН України (Vernadsky National Library of Ukraine),OpenAIRE Basic (DRIVER OA),https://v2.sherpa.ac.uk/id/repository/1456
Национальный агрегатор открытых репозиториев российских университетов (HOPA),"OpenAIRE 3.0 (OA, funding)",NA
